ID,Code
192,"{""8"" : ""(স্বাস্থ্যকেন্দ্ৰৰ প্ৰকাৰ)""}"
193,"{""8"" : ""স্পষ্ট কৰক ""}"
210,"{""8"" : ""( ঘৰ নিজা/ভাড়া )""}"
211,"{""8"" : ""( কেতিয়াৰ পৰা কাম কৰি আহিছে )""}"
216,"{""8"" : ""( কিমান জনস্ংখ্যাৰ উপৰত )""}"
217,"{""8"" : ""( ডেলিভাৰি কৰি পাইছেনে কেতিয়াবা )""}"
218,"{""8"" : ""(ডেলিভাৰিৰ কাৰনে ডিজাইনেটেত শ্ৰেণী উপলব্ধনে ? )""}"
219,"{""8"" : ""( দৰব উপলব্ধ নে/  ৰাইজে দেখাকৈ থোৱা আছেনে )""}"
220,"{""8"" : ""? ( পৰীক্ষা কৰা টেবুল উপলব্ধনে ?)""}"
221,"{""8"" : "" ( পৰ্দা/বেলেগ ৰুম/পৰীক্ষাৰ বেলেগ থাই আছে নেকি ? )""}"
222,"{""8"" : ""প্রসব টেবিল আছে?""}"
223,"{""8"" : ""? (ওজন জোখা যন্ত্ৰ উপলব্ধনে ? )""}"
224,"{""8"" : ""( প্ৰাপ্তবয়স্কৰ ওজন জোখা যন্ত্ৰ উপলব্ধনে ? )""}"
225,"{""8"" : ""( জাবৰ নিস্কাশণ কণ্টেইনাৰ উপলব্ধনে ? )""}"
226,"{""8"" : "" (সা-সজুলি বিজানুমুক্ত কৰা ষ্টেৰিলিসচেসন যন্ত্ৰ উপলব্ধনে )""}"
227,"{""8"" : ""( প্ৰসাব পৰীক্ষাৰ সুবিধা আছেনে? )""}"
228,"{""8"" : ""( ৰক্তচাপ জোখা যন্ত্ৰ উপলব্ধনে ?)""}"
229,"{""8"" : ""(ভেক্সিন স্ংৰক্ষণৰ ব্যবস্থা আছেনে ?)""}"
194,"{""8"" : ""( শীত-তাপ নিয়ন্ত্ৰিত কোঠা উপলব্ধনে ?)""}"
195,"{""8"" : ""( নবজাতকৰ কৰ্ণাৰ চেণ্টাৰ উপলব্ধনে ?)""}"
196,"{""8"" : ""( ৰুগীয়া নবজাতকৰ কৰ্ণাৰ চেণ্টাৰ উপলব্ধনে ?)""}"
197,"{""8"" : "" ( কাৰ্য্যক্ষম NRC/MTC উপলব্ধনে ?)""}"
198,"{""8"" : ""( মেডিকেল অফিচাৰ উপলব্ধনে ?)""}"
199,"{""8"" : ""( ডাটা এণ্ট্ৰি অপাৰেটৰ উপলব্ধনে ? )""}"
200,"{""8"" : ""( ফাৰ্মাচিষ্ট উপলব্ধনে )""}"
201,"{""8"" : ""(নাৰ্চ উপলব্ধনে ?)""}"
202,"{""8"" : ""( এম্বুলেন্স সেৱা উপলব্ধনে ?)""}"
203,"{""8"" : ""(ৰক্তস্ংৰক্ষণৰ ব্যবস্থা উপলব্ধনে ?)""}"
205,"{""8"" : ""( প্ৰষুতি বিশেষজ্ঞ উপলব্ধনে ?)""}"
206,"{""8"" : "" (শিশুৰোগ বিশেষজ্ঞ উপলব্ধনে ?)""}"
207,"{""8"" : ""( এনাস্থেছিয়া বিশেষজ্ঞ উপলব্ধনে ?)""}"
208,"{""8"" : ""ANM আছেন কিনা""}"
209,"{""8"" : ""( মহিলা স্বাস্থ্যকৰ্মি উপলব্ধনে ?)""}"
44,"{""8"" : ""হিতাধিকাৰী বা সুবিধা""}"
45,"{""8"" : ""বিদ্যালয়ৰ আই.ডি. ""}"
46,"{""8"" : ""স্কুলৰ বা বিদ্যালয়ৰ নিম্ন ক্লাচ (শ্ৰেণী)""}"
47,"{""8"" : ""স্কুলৰ বা বিদ্যালয়ৰ উচ্চ ক্লাচ (শ্ৰেণী)""}"
48,"{""8"" : ""বিদ্যালয়ৰ প্ৰকাৰ ""}"
49,"{""8"" : ""বিদ্যালয়ৰ ধৰণ/প্ৰকাৰ""}"
50,"{""8"" : ""বিদ্যালয়য়ৰ মুঠ শ্ৰেণী কোঠা""}"
51,"{""8"" : ""মুঠ শ্ৰেণীকোঠা""}"
52,"{""8"" : ""নিৰ্দেশৰ মাধ্যম""}"
53,"{""8"" : ""অফিচিয়েল মাধ্যমৰ স্থানীয় ভাষাৰ লগত মিল আছেনে ""}"
54,"{""8"" : ""মুঠ SC লৰাৰ সংখ্যা ""}"
55,"{""8"" : ""মুঠ SC ছোৱালীৰ সংখ্যা ""}"
56,"{""8"" : ""মুঠ ST  লৰাৰ সংখ্যা ""}"
57,"{""8"" : ""মুঠ ST ছোৱালীৰ সংখ্যা ""}"
58,"{""8"" : ""মুঠ OBC লৰাৰ স্ংখ্যা ""}"
59,"{""8"" : ""মুঠ OBC ছোৱালীৰ স্ংখ্যা""}"
62,"{""8"" : ""মুঠ হিন্দু লৰাৰ সংখ্যা ""}"
63,"{""8"" : ""মুঠ হিন্দু ছোৱালীৰ সংখ্যা""}"
64,"{""8"" : ""মুঠ মুছলমান লৰাৰ সংখ্যা ""}"
65,"{""8"" : ""মুঠ মুছলমান ছোৱালীৰ সংখ্যা""}"
66,"{""8"" : ""মুঠ খ্ৰীষ্টান লৰাৰ সংখ্যা ""}"
67,"{""8"" : ""মুঠ খ্ৰীষ্টান ছোৱালীৰ সংখ্যা ""}"
68,"{""8"" : ""মুঠ শিখ লৰাৰ সংখ্যা ""}"
69,"{""8"" : ""মুঠ শিখ ছোৱালীৰ সংখ্যা ""}"
70,"{""8"" : ""মুঠ বৌদ্ধ লৰাৰ স্ংখ্যা""}"
71,"{""8"" : ""মুঠ বৌদ্ধ ছোৱালীৰ সংখ্যা""}"
72,"{""8"" : ""মুঠ জৈন লৰাৰ স্ংখ্যা ""}"
73,"{""8"" : ""মুঠ জৈন ছোৱালীৰ সংখ্যা ""}"
74,"{""8"" : ""মুঠ লৰা ""}"
75,"{""8"" : ""মুঠ ছোৱালী ""}"
76,"{""8"" : ""মুঠ শিশু (ছাত্ৰ/ছাত্ৰী)""}"
77,"{""8"" : ""বিশেষ প্ৰয়োজন থকা লৰাৰ সংখ্যা ""}"
78,"{""8"" : ""বিশেষ প্ৰয়োজন থকা ছোৱালীৰ সংখ্যা ""}"
79,"{""8"" : ""মুঠ নিয়মিয়া শিক্ষক ""}"
80,"{""8"" : ""মুঠ ঠিকাভিত্তিক শিক্ষক ""}"
81,"{""8"" : ""মুঠ শিক্ষকৰ সংখ্যা ""}"
82,"{""8"" : ""মুঠ পুৰুষ শিক্ষক ""}"
83,"{""8"" : ""মুঠ মহিলা শিক্ষক ""}"
84,"{""8"" : ""পৃথক গনিতৰ শিক্ষক""}"
85,"{""8"" : ""পৃথক বিজ্ঞানৰ শিক্ষক""}"
86,"{""8"" : ""পৃথক মাতৃভাষাৰ শিক্ষক""}"
87,"{""8"" : ""পৃথক সমাজ অধ্যয়ন বিষয়ত শিক্ষক""}"
88,"{""8"" : ""অন্তত এজনী মহিলা শিক্ষয়ত্ৰী আছেনে ""}"
92,"{""8"" : ""মধ্যাহ্নভোজন কোনে ৰান্ধে""}"
93,"{""8"" : ""মধ্যাহ্নভোজনৰ ৰান্ধনি আছেনে""}"
94,"{""8"" : ""মধ্যাহ্নভোজন ৰান্ধনিৰ সহায়িকা আছেনে""}"
95,"{""8"" : ""বেলেগ চাফাইকৰ্মি বা MDM উপলব্ধনে ""}"
96,"{""8"" : ""বিদ্যালয় গৃহ আছেনে""}"
97,"{""8"" : ""শিশুৰ কাৰণে শৌচালয়""}"
98,"{""8"" : ""ছোৱালীৰ কাৰণে বেলেগ শৌচালয় ""}"
99,"{""8"" : ""শৌচালয়ত পানী উপলব্ধনে""}"
100,"{""8"" : ""চৌপাশৰ দেৱাল আছেনে""}"
102,"{""8"" : ""গ্ৰন্থাগাৰ উপলব্ধনে""}"
103,"{""8"" : ""খেলপথাৰ উপলব্ধনে""}"
104,"{""8"" : ""বেলেগ ৰান্ধনিগৃহ নে চালৰ সৈতে ""}"
105,"{""8"" : ""বিশেষভাৱে সক্ষম লোকৰ কাৰনে ৰেম্পৰ ব্যৱস্থা""}"
106,"{""8"" : ""খোৱা পানীৰ ব্যৱস্থা""}"
107,"{""8"" : ""স্কুলত কাৰেণ্টৰ ব্যবস্থা""}"
109,"{""8"" : ""বিজ্ঞান গৱেষণাগাৰ উপলব্ধনে ""}"
110,"{""8"" : ""স্কুল কমিটি গঠন হৈছেনে ""}"
112,"{""8"" : ""কিমানখন মিটিং হৈছে এই বছৰত ""}"
89,"{""8"" : ""অংগনবাড়ীৰ ধৰণ""}"
108,"{""8"" : ""অংগনবাড়ী কেন্দ্ৰটো কোন চনত স্থাপিত হৈছিল ?""}"
111,"{""8"" : ""অংগনবাড়ী কেন্দ্ৰটোৱে কিমান জনসংখ্যা সামৰি লৈছে ?""}"
113,"{""8"" : ""অতিৰিক্ত অংগনবাড়ী কেন্দ্ৰৰ প্ৰয়োজন আছেনে?""}"
114,"{""8"" : ""অংগনবাড়ী কর্মী (AWW) আছেনে?""}"
115,"{""8"" : ""অংগনবাড়ী কর্মী গৰাকী কোন বছৰৰ কোন মাহত যোগদান কৰিছিল ?""}"
116,"{""8"" : ""অংগনবড়ীকর্মী গৰাকী একে পঞ্চায়ত বা চুবুৰীৰনে?""}"
117,"{""8"" : ""অতিৰিক্ত অংগনাবাড়ী কর্মী আৰু পৰিপুষ্টি পৰামর্শদাত্রী আছেনে ?   ""}"
118,"{""8"" : ""অঙ্গনবাড়ীৰ সহায়িকা আছেনে ?""}"
126,"{""8"" : ""নামভর্ত্তি হোৱা মুঠ গর্ভবতী মহিলাৰ সংখ্যা""}"
127,"{""8"" : ""নামভর্ত্তি হোৱা মুঠ প্ৰসূতি মাতৃৰ সংখ্যা""}"
119,"{""8"" : "" (০-৩) বছৰৰ ভিতৰত নামভর্ত্তি হোৱা ল’ৰাৰ  সংখ্যা  ""}"
120,"{""8"" : "" (০-৩)  বছৰৰ ভিতৰত নামভর্ত্তি হোৱা ছোৱালীৰ  সংখ্যা  ""}"
121,"{""8"" : "" (০-৩) বছৰৰ ভিতৰত নামভর্ত্তি হোৱা মুঠ ল’ৰা- ছোৱালীৰ  সংখ্যা  ""}"
122,"{""8"" : "" (৩-৬) বছৰৰ ভিতৰত নামভর্ত্তি হোৱা ল’ৰাৰ  সংখ্যা  ""}"
123,"{""8"" : "" (৩-৬) বছৰৰ ভিতৰত নামভর্ত্তি হোৱা ছোলালীৰ  সংখ্যা  ""}"
124,"{""8"" : "" (৩-৬) বছৰৰ ভিতৰত নামভর্ত্তি হোৱা মুঠ ল’ৰা- ছোৱালীৰ সংখ্যা  ""}"
125,"{""8"" : ""(১১-১৮) বছৰৰ ভিতৰত নামভর্ত্তি হোৱা মুঠ কিশোৰীৰ সংখ্যা  ""}"
128,"{""8"" : ""নিজা ঘৰ আছেনে ?""}"
129,"{""8"" : ""ঘৰৰ ধৰণ""}"
130,"{""8"" : ""ৰান্ধনী ঘৰৰ সুবিধা আছেনে ?""}"
131,"{""8"" : ""খোৱা পানীৰ ব্যবস্থা আছেনে ?""}"
132,"{""8"" : ""কার্যক্ষম শৌচাগাৰৰ ব্যৱস্থা আছেনে ?""}"
133,"{""8"" : ""শৌচাগাৰত পানীৰ ব্যবস্থা আছেনে ?""}"
134,"{""8"" : ""প্রাক-প্রাথমিক শিক্ষাৰ সজুলি আৰু সামগ্ৰী পর্যপ্ত পৰিমানে আছেনে ?""}"
135,"{""8"" : ""ঘৰত দিব পৰাকৈ খাদ্য পর্যপ্ত পৰিমানে উপলব্ধনে ?""}"
136,"{""8"" : ""ৰন্ধাৰ বাবে খোৱা খাদ্য উপলব্ধনে ?""}"
137,"{""8"" : ""টিকাকৰণ সেৱা উপলব্ধনে ?""}"
138,"{""8"" : ""স্বাস্থ্য পৰীক্ষাৰ সেৱা উপলব্ধনে ?""}"
140,"{""8"" : ""পৰিপুষ্টি আৰু স্বাস্থ্য শিক্ষাৰ সেৱা উপলব্ধনে ?""}"
139,"{""8"" : ""উন্নত চিকিৎসাৰ বাবে প্ৰেৰণ কৰা সেৱা উপলব্ধনে? ""}"
618,"{""8"" : ""উন্নত চিকিৎসাৰ বাবে প্ৰেৰণ কৰা সেৱা উপলব্ধনে? ""}"
141,"{""8"" : ""কিশোৰী সকলৰ স্বাস্থ্য সম্পৰ্কীয় পৰামর্শৰ সেৱা আছেনে ?""}"
155,"{""8"" : ""পিতৃৰ নাম""}"
156,"{""8"" : ""পিতৃৰ বয়স ""}"
157,"{""8"" : ""পিতৃৰ শিক্ষাগত  অৰ্হতা কিমান""}"
158,"{""8"" : ""পিতৃৰ বৃত্তি""}"
159,"{""8"" : ""মাতৃৰ নাম ""}"
160,"{""8"" : ""মাতৃৰ বয়স ""}"
161,"{""8"" : ""মাতৃৰ শিক্ষাগত  অৰ্হতা কিমান""}"
162,"{""8"" : ""মাতৃৰ বৃত্তি""}"
163,"{""8"" : ""মাক-বাপেক দুয়ুজন অথবা কোনোবা এজন নথকা ""}"
164,"{""8"" : ""অভিভাৱকৰ নাম  ""}"
165,"{""8"" : ""শিশুটিৰ জাতি""}"
166,"{""8"" : ""শিশুৰ ধর্ম""}"
168,"{""8"" : ""শিশুৰ জন্ম পঞ্জীয়ন হৈছেনে ""}"
169,"{""8"" : ""শিশুৰ জন্ম তাৰিখ""}"
170,"{""8"" : ""প্ৰসব হোৱা থাই""}"
171,"{""8"" : ""জন্মৰ সময়ত ওজন (কেজিত উল্লেখ কৰক)""}"
172,"{""8"" : ""( জন্মৰ পিছত শিশুটিৰ ওজন মাকৰ ওজনৰ লগত যোগাযোগ হৈছে নেকি) (কেজিত উল্লেখ কৰক)""}"
174,"{""8"" : ""আজিৰ দিনত শিশুটিৰ বয়স, মাহত)""}"
175,"{""8"" : ""বাসস্থানৰ বিবৰণ""}"
176,"{""8"" : ""গাওঁৰ পৰা যোৱা বা গাওঁলৈ অহা মাহ ""}"
177,"{""8"" : ""আংগন্বাড়ীত নামভৰ্তি হৈছেনে""}"
178,"{""8"" : ""যদি নামভৰ্তি হৈছে তেন্তে আংগনৱাড়ীৰ আই.ডি. লিখক ""}"
179,"{""8"" : ""শিশুটিয়ে প্ৰাৰম্ভিক শিক্ষা লাভ কৰিছেনে ""}"
180,"{""8"" : ""শিশুটি বাধাগ্ৰ্স্ত নেকি""}"
181,"{""8"" : ""শিশুটি বহুদিন ধৰি বেমাৰত ভুগি আছে নেকি ""}"
182,"{""8"" : ""শিশুটি দুৰাৰোগ্য বেমাৰত ভুগী আছে নেকি ""}"
183,"{""8"" : ""শিশুটিৰ বিবাহ বা বিয়া থিক হৈছে নেকি ""}"
185,"{""8"" : "" যদি অন্য কিবা আছে, স্পষ্টকৈ উল্লেখ কৰক ""}"
231,"{""8"" : ""( পিতৃৰ নাম)""}"
232,"{""8"" : ""(মাতৃৰ নাম)""}"
234,"{""8"" : ""( শিশুটিৰ জন্মৰ তাৰিখ)""}"
236,"{""8"" : ""( ওজন )""}"
237,"{""8"" : ""(উচ্চতা)""}"
238,"{""8"" : ""( পুষ্টিৰ বিৱৰণ )""}"
239,"{""8"" : ""(বিকাশৰ নিৰিক্ষন তালিকা আপদেত হৈছেনে )""}"
240,"{""8"" : ""( স্পষ্ট কৰক)""}"
242,"{""8"" : ""( ৰেফাৰেল সেৱাৰ সুবিধা কেতিয়াবা লোৱা হৈছিলনে )""}"
243,"{""8"" : ""(যদি নহয় কিয় কাৰণ লিখক)""}"
244,"{""8"" : ""( পুষ্টিৰ যোগান )""}"
245,"{""8"" : ""পিতৃৰ নাম""}"
246,"{""8"" : ""মাতৃৰ নাম""}"
247,"{""8"" : ""শিশুৰ জন্মতাৰিখ""}"
249,"{""8"" : ""নামভৰ্তিৰ সাৰাংস""}"
250,"{""8"" : ""ঘৰুৱা কামত অংশগ্ৰহন""}"
251,"{""8"" : ""স্কুলত যোৱাৰ আগত ঘৰুৱা কামত অংশগ্ৰহন ""}"
252,"{""8"" : ""স্কুলৰ পৰা আহি ঘৰুৱা কামত অংশগ্ৰহন ""}"
253,"{""8"" : ""আৰ্থিক কামত অংশগ্ৰহন ""}"
254,"{""8"" : ""অংশগ্ৰহনৰ সময় ""}"
255,"{""8"" : ""মাহত কিমানদিন কাম কৰে""}"
256,"{""8"" : ""কোনটো বিভাগত কাম কৰে ""}"
257,"{""8"" : "" অন্য কিবা কৰিলে, উল্লেখ কৰক""}"
258,"{""8"" : ""বণ্ডেড লেবাৰ নিযুক্ত""}"
259,"{""8"" : ""শিশু স্থানান্তৰিত ""}"
260,"{""8"" : ""স্থানান্তৰিত হোৱাৰ কাৰন""}"
264,"{""8"" : ""পিতৃৰ নাম""}"
265,"{""8"" : "" মাতৃৰ নাম ""}"
268,"{""8"" : ""শিশুটিৰ জন্মৰ তাৰিখ""}"
269,"{""8"" : ""MCP/ MCH কাৰ্ড বনাইছেনে""}"
270,"{""8"" : ""MCP/ MCH কাৰ্ড আছেনে""}"
271,"{""8"" : ""জন্মৰ সময়ত BCG দিয়া হৈছেনে ""}"
272,"{""8"" : ""জন্মৰ সময়ত BCG দিয়া হৈছেনে ""}"
273,"{""8"" : ""জন্মৰ সময়ত হেপাটাইতিচ  B 0 ৰ টিকা দিয়া হৈছেনে ""}"
274,"{""8"" : ""হেপাটাইটিস বি 0 - তারিখ""}"
275,"{""8"" : ""জন্মৰ সময়ত পলিওৰ কাৰণে OPV - 0 দিছেনে""}"
276,"{""8"" : ""OPV - 0 - তাৰিখ (জন্মৰ সময়ত দিয়া)""}"
277,"{""8"" : "" OPV - 1 দিয়া হৈছেনে (১.৫ মাহত)""}"
278,"{""8"" : ""OPV - 1 দিয়াৰ তাৰিখ""}"
279,"{""8"" : "" OPV - 1 দিয়া হৈছেনে (১.৫ মাহত)""}"
280,"{""8"" : ""DPT - 1 দিয়াৰ তাৰিখ ""}"
281,"{""8"" : ""১.৫ মাহত হেপাইতাইতিচ   B 1 দিয়া হৈছেনে""}"
282,"{""8"" : ""হেপাইতাইতিচ B 1-  দিয়াৰ তাৰিখ""}"
283,"{""8"" : ""২.৫ মাহত OPV - 2 দিয়া হৈছেনে ""}"
284,"{""8"" : ""OPV - 2 -দিয়াৰ তাৰিখ""}"
285,"{""8"" : ""২.৫ মাহত DPT - 2 দিয়া হৈছেনে ""}"
286,"{""8"" : "" DPT - 2 দিয়া তাৰিখ ""}"
287,"{""8"" : ""২.৫ মাহত হেপাইতাইতিচ B 2 দিয়া হৈছেনে ""}"
288,"{""8"" : ""হেপাইতাইতিচ B 2 দিয়া তাৰিখ""}"
289,"{""8"" : ""৩.৫ মাহত OPV - 3 দিয়া হৈছেনে""}"
290,"{""8"" : ""OPV - 3 দিয়া তাৰিখ""}"
291,"{""8"" : ""৩.৫ মাহত DPT - 3 দিয়া হৈছেনে ""}"
292,"{""8"" : "" DPT - 3 দিয়া তাৰিখ ""}"
293,"{""8"" : ""৩.৫ মাহত হেপাইতাইতিচ B 3 দিয়া হৈছেনে""}"
294,"{""8"" : ""হেপাইতাইতিচ B 3 দিয়া তাৰিখ""}"
295,"{""8"" : ""পেণ্টাভেলেণ্ট 1 দিয়া হৈছেনে ""}"
296,"{""8"" : ""পেণ্টাভেলেণ্ট 1 দিয়া তাৰিখ ""}"
605,"{""8"" : ""পেণ্টাভেলেণ্ট 2 দিয়া হৈছেনে ""}"
606,"{""8"" : ""পেণ্টাভেলেণ্ট 2 দিয়া তাৰিখ ""}"
297,"{""8"" : ""পেণ্টাভেলেণ্ট 3 দিয়া হৈছেনে ""}"
298,"{""8"" : ""পেণ্টাভেলেণ্ট 3 দিয়া তাৰিখ""}"
299,"{""8"" : ""৯ মাহত মেচলেচৰ বেজী দিয়া হৈছেনে ""}"
300,"{""8"" : ""মেচলেচৰ বেজী দিয়া তাৰিখ ""}"
301,"{""8"" : ""৯ মাহত ভিটামিন A ৰ প্ৰথম ডোজ দিয়া হৈছেনে ""}"
302,"{""8"" : ""ভিটামিন এ - দিয়া তাৰিখ""}"
303,"{""8"" : ""সম্পূর্ণ টিকাকৰণ""}"
304,"{""8"" : ""পিতৃৰ নাম""}"
305,"{""8"" : ""মাতৃৰ নাম ""}"
307,"{""8"" : ""শিশুটিৰ জন্মৰ তাৰিখ""}"
308,"{""8"" : ""নামভৰ্তি হৈছে নেকি ""}"
309,"{""8"" : ""যদি নামভৰ্তি হৈছে, নামভৰ্তিৰ বাখ্যা""}"
311,"{""8"" : ""স্কুল আই.ডি. ""}"
319,"{""8"" : ""স্কুলৰ প্ৰকাৰ ""}"
320,"{""8"" : ""বিনামুলিয়া পাঠ্যপুথি উপলব্ধতা ""}"
321,"{""8"" : ""বিনামুলিয়া ইউনিফৰ্মৰ উপলব্ধতা ""}"
322,"{""8"" : ""ঘৰুৱা কামত জৰিত নেকি""}"
323,"{""8"" : ""স্কুল যোৱাৰ আগত ঘৰুৱা কাম থাকে নেকি ""}"
324,"{""8"" : ""স্কুলৰ পৰা আহি ঘৰুৱা কাম থাকে নেকি ""}"
313,"{""8"" : ""যদি শিশুটো ড্ৰপ আউট হৈছে, প্ৰাথমিক কাৰণ ""}"
314,"{""8"" : ""যদি ড্ৰপ আউট হৈছে দ্বিতীয় কাৰণ""}"
315,"{""8"" : ""যদি ড্ৰপ আউট হৈছে, অন্য কাৰণ ""}"
312,"{""8"" : ""যদি আধাতে স্কুল এৰিছে তেন্তে স্কুলৰ পৰা নামকৰ্তন হৈছেনে ""}"
316,"{""8"" : ""যদি কেতিয়াও নামভৰ্তি হোৱা নাই, তাৰ প্ৰাথমিক কাৰণ""}"
317,"{""8"" : ""যদি কেতিয়াও নামভৰ্তি হোৱা নাই, তাৰ দ্বিতীয় কাৰণ""}"
318,"{""8"" : ""যদি কেতিয়াও নামভৰ্তি হোৱা নাই, তাৰ অন্য কাৰণ""}"
334,"{""8"" : ""অন্য খবৰ""}"
327,"{""8"" : ""বর্তমান শ্রেণী (শিশু শিক্ষা) - Q4""}"
328,"{""8"" : ""নিয়মিত/অনিয়মিত (শিশু শিক্ষা) -Q4""}"
329,"{""8"" : ""স্কুলক নোযোৱাৰ প্ৰাথমিক কাৰণ""}"
330,"{""8"" : ""স্কুলক নোযোৱাৰ দ্বিতীয় কাৰণ""}"
331,"{""8"" : ""স্কুলক নোযোৱাৰ অন্য কাৰণ""}"
340,"{""8"" : ""( গ্ৰাম্য/চহৰীয়া )""}"
341,"{""8"" : ""( প্ৰাথমিক স্কুল )""}"
342,"{""8"" : ""( স্কুল আই.ডি )""}"
343,"{""8"" : ""( স্কুলত নিম্ন ক্লাচ)""}"
344,"{""8"" : ""( স্কুলত উচ্চ ক্লাচ)""}"
345,"{""8"" : ""( প্ৰাথমিক স্কুলৰ প্ৰকাৰ )""}"
346,"{""8"" : ""(গাওঁৰ পৰা স্কুললৈ দুৰত্ব )""}"
347,"{""8"" : ""( স্কুললৈ যোৱাত বাধা )""}"
348,"{""8"" : ""( যদি বেলেগ কিবা স্পষ্ট কৰক )""}"
349,"{""8"" : ""( উচ্চ প্ৰাথমিক স্কুল )""}"
350,"{""8"" : ""( উচ্চ প্ৰাথমিক স্কুল আই.ডি )""}"
351,"{""8"" : ""(উচ্চ প্ৰাথমিক স্কুলত নিম্ন ক্লাচ)""}"
352,"{""8"" : "" (উচ্চ প্ৰাথমিক স্কুলত উচ্চ ক্লাচ)""}"
353,"{""8"" : ""  (উচ্চ প্ৰাথমিক স্কুলৰ প্ৰকাৰ )""}"
354,"{""8"" : ""(স্কুললৈ দুৰত্ব ) )""}"
355,"{""8"" : ""( স্কুললৈ যোৱাত বাধা )""}"
356,"{""8"" : ""(যদি কিবা বেলেগ, স্পষ্ট কৰক )""}"
357,"{""8"" : ""(মাধ্যমিক বিদ্যালয় )""}"
358,"{""8"" : ""মাধ্যমিক বিদ্যালয়ের ID""}"
359,"{""8"" : ""( মাধ্যমিক স্কুলত নিম্ন ক্লাচ )""}"
360,"{""8"" : ""( মাধ্যমিক স্কুলত উচ্চ ক্লাচ )""}"
361,"{""8"" : ""(  স্কুলৰ প্ৰকাৰ )""}"
362,"{""8"" : ""( স্কুললৈ দুৰত্ব )""}"
363,"{""8"" : ""( স্কুললৈ যোৱাত বাধা )""}"
364,"{""8"" : ""(যদি কিবা বেলেগ, স্পষ্ট কৰক )""}"
365,"{""8"" : ""( উচ্চতৰ মাধ্যমিক স্কুল আছেনেকি )""}"
366,"{""8"" : ""( উচ্চতৰ মাধ্যমিক স্কুল আই.ডি )""}"
367,"{""8"" : ""( মাধ্যমিক স্কুলত নিম্ন ক্লাচ )""}"
368,"{""8"" : ""( মাধ্যমিক স্কুলত উচ্চ ক্লাচ )""}"
369,"{""8"" : ""(  স্কুলৰ প্ৰকাৰ )""}"
370,"{""8"" : ""( স্কুললৈ দুৰত্ব )""}"
371,"{""8"" : ""( স্কুললৈ যোৱাত বাধা )""}"
373,"{""8"" : ""( আংগনৱাড়ী কেন্দ্ৰ উপলব্ধনে )""}"
374,"{""8"" : ""( গাওঁৰ পৰা কেন্দ্ৰলৈ দুৰত্ব )""}"
375,"{""8"" : ""(আংগনৱাড়ী কেন্দ্ৰলৈ যোৱাত বাধা )""}"
376,"{""8"" : ""(যদি কিবা বেলেগ, স্পষ্ট কৰক )""}"
377,"{""8"" : ""( অতিৰিক্ত আংগনৱাড়ী কেন্দ্ৰ প্ৰয়োজন নেকি )""}"
378,"{""8"" : ""(উপস্বাস্থ্যকেন্দ্ৰ উপলব্ধনে )""}"
379,"{""8"" : ""(উপস্বাস্থ্যকেন্দ্ৰৰ আই.ডি )""}"
380,"{""8"" : ""(গাওঁৰ পৰা উপস্বাস্থ্যকেন্দ্ৰলৈ দুৰত্ব )""}"
381,"{""8"" : ""(উপস্বাস্থ্যকেন্দ্ৰলৈ যোৱাত বাধা )""}"
383,"{""8"" : ""( প্ৰাথমিক স্বাস্থ্যকেন্দ্ৰ উপলব্ধতা )""}"
384,"{""8"" : ""( প্ৰাথমিক স্বাস্থ্যকেন্দ্ৰৰ আই.ডি )""}"
385,"{""8"" : ""( গাওঁৰ পৰা প্ৰাথমিক স্বাস্থকেন্দ্ৰ্লৈ দুৰত্ব )""}"
386,"{""8"" : ""( প্ৰাথমিক স্বাস্থ্যকেন্দ্ৰলৈ যোৱাত বাধা )""}"
388,"{""8"" : ""(ৰাজহুৱা স্বাস্থকেন্দ্ৰ্ উপলব্ধনে )""}"
389,"{""8"" : ""(ৰাজহুৱা স্বাস্থকেন্দ্ৰৰ ""}"
390,"{""8"" : ""( গাওঁৰ পৰা ৰাজহুৱা স্বাস্থকেন্দ্ৰ্লৈ দুৰত্ব )""}"
391,"{""8"" : ""(ৰাজহুৱা স্বাস্থকেন্দ্ৰ্লৈ যোৱাত বাধা )""}"
393,"{""8"" : ""( আশাকৰ্মি আছেনে )""}"
394,"{""8"" : ""( VHSNC আছে নে )""}"
395,"{""8"" : ""( VHSNC কাৰ্য্যক্ষম নে )""}"
396,"{""8"" : ""( গাওঁ শিশু সুৰক্ষা কমিটি আছেনে )""}"
397,"{""8"" : ""( গাওঁ শিশু সুৰক্ষা কমিটি আছেনে )""}"
398,"{""8"" : ""( আত্মসহায়ক গোটৰ স্ংখ্যা, ৰাজহুৱা ভিত্তিৰ অনুস্থানৰ স্ংখ্যা)""}"
399,"{""8"" : ""( শিশুগোট উপলব্ধনে )""}"
400,"{""8"" : ""( বিদ্দুৎ ব্যবস্থা )""}"
401,"{""8"" : "") ( ৰাস্তা )""}"
402,"{""8"" : ""( ৰাজহুৱা যাতায়ত ব্যবস্থা )""}"
403,"{""8"" : ""( পানীযোগান )""}"
405,"{""8"" : ""পৰিয়ালৰ প্ৰকাৰ ""}"
409,"{""8"" : ""ঘৰৰ মুৰব্বীৰ শিক্ষাগত  অৰ্হতা কিমান""}"
410,"{""8"" : ""জাতি""}"
411,"{""8"" : ""নিজৰ ঘৰৰ মাটি আছেনে""}"
412,"{""8"" : ""ঘৰৰ ধৰণ""}"
413,"{""8"" : ""ধর্ম""}"
414,"{""8"" : ""ৰেচন কাৰ্ডৰ প্ৰকাৰ ""}"
415,"{""8"" : ""যদি কিবা অন্য কাৰণ, উল্লেখ কৰক""}"
416,"{""8"" : ""ৰাজহুৱা বিতৰন ব্যবস্থাৰ ৰেচন ""}"
417,"{""8"" : ""জব কাৰ্ড আছেনে ""}"
418,"{""8"" : ""যোৱা বছৰৰ কাম কৰা দিন""}"
419,"{""8"" : ""যোৱা বছৰ কাম কৰি কিমান টকা পাইছে ""}"
420,"{""8"" : "" কিমান টকা পাইছে""}"
421,"{""8"" : ""পৰিয়ালৰ মুঠ সদস্য ""}"
422,"{""8"" : ""17 বছৰতকৈ কম বয়সিয়া সদস্য ""}"
423,"{""8"" : ""পৰিয়ালৰ প্ৰাথমিক বৃত্তি ""}"
424,"{""8"" : ""পৰিয়ালৰ অন্য বৃত্তি""}"
425,"{""8"" : ""ভুমিহীন নেকি ""}"
426,"{""8"" : ""ৰন্ধা-বঢ়াৰ ক্ষেত্ৰত প্ৰাথমিক উৎস কি""}"
427,"{""8"" : "" Casserole/ thermos/ thermoware আছে কি?""}"
428,"{""8"" : ""VCR/VCD/DVD আছেনে ""}"
429,"{""8"" : ""মোবাইল বা টেলিফোন আছেনে ""}"
430,"{""8"" : ""ঘৰত চিলাই মেচিন আছেনে""}"
431,"{""8"" : ""আলমিৰা/ দ্ৰেচিং টেবিল আছেনে ""}"
432,"{""8"" : ""চাইকেল/মটৰ চাইকেল/স্কুটাৰ/কাৰ/জীপ আছে নেকি ""}"
433,"{""8"" : ""ঘৰৰ এটায়ে মাত্ৰ অভিভাৱক নেকি ""}"
434,"{""8"" : ""ঘৰখন ককাক আইতাকৰ দ্বাৰা পৰিচালিত নেকি ""}"
435,"{""8"" : ""ঘৰখন 18 বছৰৰ তলৰ লৰা/ ছোৱালিয়ে চলাই নেকি ""}"
436,"{""8"" : ""মাক দেউতাক দুয়ো কাম কৰে নেকি ""}"
437,"{""8"" : ""(ঘৰৰ মুখ্য উপাৰ্জনকাৰীজন বহুখিনি সময়ত/গভীৰভাবে অশুস্থ নেকি""}"
438,"{""8"" : ""ঘৰৰ বিবৰণ ""}"
439,"{""8"" : ""স্থানান্তৰিত হোৱাৰ মাহ ""}"
440,"{""8"" : ""ঘৰৰ মানুহ প্ৰতি বছৰে স্থানান্তৰিত হয় নেকি ""}"
441,"{""8"" : ""স্থানান্তৰিত হোৱাৰ সময় ""}"
442,"{""8"" : ""ঘৰৰ এজন সদস্য সদায়ৰ কাৰনে স্থানান্তৰি নেকি ""}"
443,"{""8"" : ""খোৱাপানীৰ উৎস ""}"
444,"{""8"" : ""অন্যান্য খোৱাপানীৰ উৎস কি""}"
445,"{""8"" : ""শৌচলয়ৰ ব্যবস্থা ""}"
446,"{""8"" : ""শৌচলয়ৰ অন্যান্য ব্যবস্থা , কি নির্দিষ্ট কৰক""}"
447,"{""8"" : ""লৰা ছোৱালী হেৰাইছে নেকি ""}"
448,"{""8"" : ""যদি হয়, কিমানজন লৰা""}"
449,"{""8"" : ""যদি হয়, কিমানজন ছোৱালী ""}"
454,"{""8"" : ""( স্বামীৰ নাম )""}"
455,"{""8"" : ""স্বামীৰ বয়স""}"
456,"{""8"" : ""( স্বামিৰ শিক্ষা )""}"
457,"{""8"" : ""(স্বামীৰ বিত্তি )""}"
458,"{""8"" : "" (মাকৰ বয়স)""}"
459,"{""8"" : ""( মাতৃৰ শিক্ষা)""}"
460,"{""8"" : "" ( মাতৃৰ বিত্তি লিখক )""}"
461,"{""8"" : ""( থকা থাইৰ বিবৰণ )""}"
462,"{""8"" : ""(বাহিৰৰ পৰা আহিছে নে বাহিৰক গৈছে )""}"
463,"{""8"" : ""MCP/MCH কাৰ্ড বনাইছে নে )""}"
464,"{""8"" : ""(MCP/MCH কাৰ্ড ইচ্চু কৰাৰ তাৰিখ )""}"
465,"{""8"" : ""(MCP/MCH কাৰ্ড আছেনে )""}"
466,"{""8"" : ""( কাৰন, যদি উপলব্ধ নহয় )""}"
467,"{""8"" : ""(ANC পঞ্জিয়নৰ তাৰিখ )""}"
468,"{""8"" : ""(শেহতিয়া মাহেকীয়া তাৰিখ [MM/YYYY] )""}"
469,"{""8"" : ""(গৰ্ভৱতি অৱস্থাত 3 মাহত পঞ্জিয়ন কৰিছেনে )""}"
470,"{""8"" : "" স্বাস্থ্যকেন্দ্ৰ আই.ডি ""}"
471,"{""8"" : ""( যদি পঞ্জিয়ন কৰা নাই, কাৰণ কওক )""}"
472,"{""8"" : ""(যদি কিবা বেলেগ উল্লেখ কৰক )""}"
473,"{""8"" : ""(আগতে কিমানবাৰ গৰ্ভৱতি হৈছে )""}"
474,"{""8"" : ""(কিমানটা শিশু জন্ম দিছে )""}"
475,"{""8"" : ""(শেহতিয়াভাবে কেতিয়া গৰ্ভৱতি হৈছে )""}"
476,"{""8"" : ""(TT1 ৰ সথিক তাৰিখ )""}"
477,"{""8"" : ""(TT2 ৰ সথিক তাৰিখ )""}"
478,"{""8"" : ""( TT বুষ্টাৰৰ আছল তাৰিখ )""}"
479,"{""8"" : ""( প্ৰথম ANC )""}"
480,"{""8"" : ""( প্ৰথম ANC ৰ তাৰিখ )""}"
481,"{""8"" : ""1st ANC ওজন""}"
484,"{""8"" : ""(প্ৰথম ANC ত ৰক্তচাপ )""}"
485,"{""8"" : ""(প্ৰথম ANC ত হিমগ্লবিন ত্ৰ পৰিমান লিখক )""}"
486,"{""8"" : ""(প্ৰথম ANC ত ইউৰিন এলবিউমিন )""}"
487,"{""8"" : ""(প্ৰথম ANC ইউৰিন চুগাৰ)""}"
488,"{""8"" : ""( প্ৰথম ANC ত IFA বড়ি )""}"
489,"{""8"" : ""( প্ৰথম ANC ত IFAৰ কিমান বড়ি খাইছে) ""}"
490,"{""8"" : ""( প্ৰথম ANC ত এবডমিনেল পৰীক্ষা )""}"
491,"{""8"" : ""( প্ৰথম ANC ত হাই ৰিস্ক হিচাপে ঘোষণা কৰিছে নেকি  )""}"
492,"{""8"" : ""(প্ৰথম ANC ত পুষ্টিৰ খোৰাক দিয়া হৈছে নেকি )""}"
493,"{""8"" : "" ( প্ৰথম ট্ৰাইমেষ্টাৰত MCP/ MCH কাৰ্ড আপদেট কৰা হৈছে নেকি )""}"
494,"{""8"" : ""( প্ৰথম ট্ৰাইমেষ্টাৰত MCP/ MCH কাৰ্ড আপদেট কৰা হৈছে নেকি )""}"
495,"{""8"" : ""(দ্বিতিয় ANC)""}"
496,"{""8"" : ""(দ্বিতিয় ANCৰ তাৰিখ)""}"
497,"{""8"" : ""(দ্বিতিয় ANCৰ ওজন )""}"
498,"{""8"" : ""(দ্বিতিয় ANCৰ ৰক্তচাপ )""}"
499,"{""8"" : ""(দ্বিতিয় ANCৰ হিমগ্লবিন )""}"
500,"{""8"" : ""(দ্বিতিয় ANCৰ ইউৰিন এল্বিউমিন )""}"
501,"{""8"" : ""(দ্বিতিয় ANCৰ ইউৰিন চুগাৰ )""}"
502,"{""8"" : ""(দ্বিতিয় ANCৰ IFA টেবলেট )""}"
503,"{""8"" : ""(দ্বিতিয় ANC ত IFAৰ কিমান বড়ি খাইছে) ""}"
504,"{""8"" : ""( দ্বিতিয় ANC ত এবডমিনেল পৰীক্ষা )""}"
505,"{""8"" : ""( দ্বিতিয় ANC ত হাই ৰিস্ক হিচাপে ঘোষণা কৰিছে নেকি  )""}"
506,"{""8"" : ""( দ্বিতিয় ANC ত হাই ৰিস্ক হিচাপে ৰেফাৰ কৰিছে নেকি  )""}"
507,"{""8"" : ""(দ্বিতিয় ANC ত পুষ্টিৰ খোৰাক দিয়া হৈছে নেকি )""}"
508,"{""8"" : ""(দ্দ্বিতিয় ট্ৰাইমেষ্টাৰত MCP/ MCH কাৰ্ড আপদেট কৰা হৈছে নেকি )""}"
509,"{""8"" : ""(তৃতিয় ANC)""}"
510,"{""8"" : ""(তৃতিয় ANCৰ তাৰিখ)""}"
511,"{""8"" : ""3rd ANC ওজন""}"
512,"{""8"" : ""Weight  (তৃতিয় ANCৰ ওজন )""}"
513,"{""8"" : "" (তৃতিয় ANCৰ ৰক্তচাপ )""}"
514,"{""8"" : ""(তৃতিয় ANCৰ হিমগ্লবিন )""}"
515,"{""8"" : ""(তৃতিয় ANCৰ ইউৰিন এল্বিউমিন )""}"
516,"{""8"" : ""(তৃতিয় ANCৰ IFA টেবলেট )""}"
517,"{""8"" : ""(তৃতিয় ANC ত IFAৰ কিমান বড়ি খাইছে) ""}"
518,"{""8"" : ""(তৃতিয় ANC ত এবডমিনেল পৰীক্ষা )""}"
519,"{""8"" : ""(তৃতিয় ANC ত হাই ৰিস্ক হিচাপে ঘোষণা কৰিছে নেকি  )""}"
520,"{""8"" : ""(তৃতিয় ANC ত হাই ৰিস্ক হিচাপে ৰেফাৰ কৰিছে নেকি  )""}"
521,"{""8"" : ""(তৃতিয় ANC ত পুষ্টিৰ খোৰাক দিয়া হৈছে নেকি )""}"
522,"{""8"" : ""( তৃতিয় ট্ৰাইমেচষ্টাৰত MCP/ MCH কাৰ্ড আপদেত কৰা হৈছেনে )""}"
523,"{""8"" : ""( চতুৰ্থ ANC)""}"
524,"{""8"" : ""( চতুৰ্থ ANC তাৰিখ)""}"
525,"{""8"" : ""( চতুৰ্থ ANC ওজন)""}"
526,"{""8"" : ""(চতুৰ্থ ANCৰ ৰক্তচাপ )""}"
527,"{""8"" : ""(চতুৰ্থ ANCৰ হিমগ্লবিন )""}"
528,"{""8"" : ""(চতুৰ্থ ANCৰ ইউৰিন এল্বিউমিন )""}"
529,"{""8"" : ""(চতুৰ্থ ANCৰ ইউৰিন চুগাৰ )""}"
530,"{""8"" : ""(চতুৰ্থ ANCৰ IFA টেবলেট )""}"
531,"{""8"" : ""( চতুৰ্থ ANC ত IFAৰ কিমান বড়ি খাইছে) ""}"
532,"{""8"" : ""(চতুৰ্থ ANC ত এবডমিনেল পৰীক্ষা )""}"
533,"{""8"" : ""(চতুৰ্থ ANC ত হাই ৰিস্ক হিচাপে ঘোষণা কৰিছে নেকি  )""}"
534,"{""8"" : ""(চতুৰ্থ ANC ত হাই ৰিস্ক হিচাপে ৰেফাৰ কৰিছে নেকি  )""}"
535,"{""8"" : ""( চতুৰ্থ ANC ত পুষ্টিৰ খোৰাক দিয়া হৈছে নেকি )""}"
536,"{""8"" : ""(গৰ্ভপাত/ নষ্ট হৈছে নেকি )""}"
546,"{""8"" : ""(গৰ্ভপাত/ নষ্ট হোৱাৰ সময় )""}"
537,"{""8"" : ""( জন্মৰ বিবৰণ )""}"
538,"{""8"" : ""( জন্মৰ সময়)""}"
539,"{""8"" : "" (প্ৰসৱৰ স্থান )""}"
540,"{""8"" : ""delivery ( প্ৰসৱৰ প্ৰকাৰ )""}"
541,"{""8"" : ""( চৰকাৰৰ পৰা সুলভ যাতায়ত পাইছেনে )""}"
542,"{""8"" : ""( চৰকাৰৰ পৰা অৰ্থ সাহাজ্য পাইছেনে )""}"
543,"{""8"" : ""( কিমান পৰিমানে পাইছে )""}"
544,"{""8"" : ""( কাৰ দ্বাৰা প্ৰসৱ কৰাইছে )""}"
545,"{""8"" : ""(যদি কিবা বেলেগ উল্লেখ কৰক )""}"
547,"{""8"" : ""অন্যান্য তথ্য""}"
557,"{""8"" : ""স্বামীৰ নাম""}"
558,"{""8"" : ""স্বামীৰ বয়স""}"
559,"{""8"" : ""স্বামীৰ সর্বোচ্চ শিক্ষা""}"
560,"{""8"" : ""স্বামীৰ বৃত্তি (কৰ্ম)""}"
561,"{""8"" : ""মাতৃৰ সর্বোচ্চ শিক্ষা""}"
562,"{""8"" : ""বাসস্থানৰ বিৱৰণ""}"
563,"{""8"" : ""বাহিৰৰ পৰা আহিছে নে বাহিৰক গৈছে""}"
567,"{""8"" : ""প্ৰসৱৰ ২৪ ঘণ্টাৰ ভিতৰত লাভ কৰা সুবিধা""}"
568,"{""8"" : ""প্ৰথম গাখীৰ খুওৱা হৈছেনে""}"
569,"{""8"" : ""ANM/ AWW/ASHAৰ দ্বাৰা দ্বিতিয়বাৰ পৰিদৰ্শন কৰা হৈছেনে ""}"
570,"{""8"" : ""ANM/ AWW/ASHAৰ দ্বাৰা তৃতিয়বাৰ পৰিদৰ্শন কৰা হৈছেনে ""}"
571,"{""8"" : ""ANM/ AWW/ASHA ৰ দ্বাৰা চতুৰ্থবাৰ পৰিদৰ্শন""}"
572,"{""8"" : ""শিশু জন্মৰ পিছত, উপদেশ/যতন পাইছেনে ""}"
573,"{""8"" : ""অতিৰিক্ত পৰিদৰ্শন 14 দিনৰ ভিতৰত""}"
574,"{""8"" : ""অতিৰিক্ত পৰিদৰ্শন 21 দিনৰ ভিতৰত""}"
575,"{""8"" : ""অতিৰিক্ত পৰিদৰ্শন 28 দিনৰ ভিতৰত""}"
576,"{""8"" : ""চাপ্লিমেণ্ট্ৰি পুষ্টি লাভ কৰিছেনে 1-3 মাহৰ ভিতৰত ""}"
577,"{""8"" : ""( মাকৰ গাখীৰ খুৱাইছেনে 1-3 মাহৰ ভিতৰত ""}"
578,"{""8"" : ""চাপ্লিমেণ্ট্ৰি পুষ্টি লাভ কৰিছেনে 4-6 মাহr ভিতৰত ""}"
579,"{""8"" : ""মাকৰ গাখীৰ খুৱাইছেনে 4-6 মাহৰ ভিতৰত ""}"
580,"{""8"" : ""শিশুক বেলেগ খাদ্য খুৱাইছেনে""}"
581,"{""8"" : ""আংগনৱাড়ীত নাম পঞ্জিয়ন কৰাইছেনে ""}"
582,"{""8"" : ""আংগনৱাড়ী কেন্দ্ৰৰ আই.ডি""}"
