ID,Code,,,,,,,,,,,,,
233," {""7"":""ଏସ୍ଏଚ୍ସି- ଉପ ସ୍ୱାସ୍ଥ୍ୟ କେନ୍ଦ""}",,,,,,,,,,,,,
234," {""7"":""ପିଏଚ୍ସି- ପ୍ରାଥମିକ ସ୍ୱାସ୍ଥ୍ୟ କେନ୍ଦ""}",,,,,,,,,,,,,
235," {""7"":""ସିଏଚ୍ସି- ଗୋଷ୍ଠୀ ସ୍ୱାସ୍ଥ୍ୟ କେନ୍ଦ""}",,,,,,,,,,,,,
236," {""7"":""ସହରାଂଚଳ ସ୍ୱାସ୍ଥ୍ୟ କେନ୍ଦ""}",,,,,,,,,,,,,
237," {""7"":""ଚା' ଫ୍ୟାକ୍ଟ୍ରି/ ଚା' ବଗିଚାରେ ସ୍ୱାସ୍ଥ୍ୟ କେନ୍ଦ୍ର""}",,,,,,,,,,,,,
271," {""7"":""ନିଜସ୍ୱ""}",,,,,,,,,,,,,
272," {""7"":""ଭଡ଼ା ଗୃହ""}",,,,,,,,,,,,,
281," {""7"":""ନାହିଁ""}",,,,,,,,,,,,,
280," {""7"":""ହଁ""}",,,,,,,,,,,,,
2078," {""7"":""ଜଣା ନାହିଁ""}",,,,,,,,,,,,,
2079," {""7"":""ଏହା ଲାଗୁ ନୁହେଁ""}",,,,,,,,,,,,,
282," {""7"":""ଏଲ୧""}",,,,,,,,,,,,,
283," {""7"":""ଏଲ୍୨""}",,,,,,,,,,,,,
284," {""7"":""ଏଲ୩""}",,,,,,,,,,,,,
286," {""7"":""ନାହିଁ""}",,,,,,,,,,,,,
285," {""7"":""ହଁ""}",,,,,,,,,,,,,
288," {""7"":""ନାହିଁ""}",,,,,,,,,,,,,
287," {""7"":""ହଁ""}",,,,,,,,,,,,,
312," {""7"":""ନାହିଁ""}",,,,,,,,,,,,,
311," {""7"":""ହଁ""}",,,,,,,,,,,,,
292," {""7"":""ନାହିଁ""}",,,,,,,,,,,,,
291," {""7"":""ହଁ""}",,,,,,,,,,,,,
294," {""7"":""ନାହିଁ""}",,,,,,,,,,,,,
293," {""7"":""ହଁ""}",,,,,,,,,,,,,
296," {""7"":""ନାହିଁ""}",,,,,,,,,,,,,
295," {""7"":""ହଁ""}",,,,,,,,,,,,,
298," {""7"":""ନାହିଁ""}",,,,,,,,,,,,,
297," {""7"":""ହଁ""}",,,,,,,,,,,,,
300," {""7"":""ନାହିଁ""}",,,,,,,,,,,,,
299," {""7"":""ହଁ""}",,,,,,,,,,,,,
302," {""7"":""ନାହିଁ""}",,,,,,,,,,,,,
301," {""7"":""ହଁ""}",,,,,,,,,,,,,
304," {""7"":""ନାହିଁ""}",,,,,,,,,,,,,
303," {""7"":""ହଁ""}",,,,,,,,,,,,,
306," {""7"":""ନାହିଁ""}",,,,,,,,,,,,,
305," {""7"":""ହଁ""}",,,,,,,,,,,,,
240," {""7"":""ନାହିଁ""}",,,,,,,,,,,,,
239," {""7"":""ହଁ""}",,,,,,,,,,,,,
242," {""7"":""ନାହିଁ""}",,,,,,,,,,,,,
241," {""7"":""ହଁ""}",,,,,,,,,,,,,
244," {""7"":""ନାହିଁ""}",,,,,,,,,,,,,
243," {""7"":""ହଁ""}",,,,,,,,,,,,,
246," {""7"":""ନାହିଁ""}",,,,,,,,,,,,,
245," {""7"":""ହଁ""}",,,,,,,,,,,,,
1937," {""7"":""ଏହା ଲାଗୁ ନୁହେଁ""}",,,,,,,,,,,,,
1940," {""7"":""ନାହିଁ""}",,,,,,,,,,,,,
1939," {""7"":""ହଁ""}",,,,,,,,,,,,,
1943," {""7"":""ଏହା ଲାଗୁ ନୁହେଁ""}",,,,,,,,,,,,,
308," {""7"":""ନାହିଁ""}",,,,,,,,,,,,,
307," {""7"":""ହଁ""}",,,,,,,,,,,,,
1947," {""7"":""ଏହା ଲାଗୁ ନୁହେଁ""}",,,,,,,,,,,,,
252," {""7"":""ନାହିଁ""}",,,,,,,,,,,,,
251," {""7"":""ହଁ""}",,,,,,,,,,,,,
1961," {""7"":""ଏହା ଲାଗୁ ନୁହେଁ""}",,,,,,,,,,,,,
254," {""7"":""ନାହିଁ""}",,,,,,,,,,,,,
253," {""7"":""ହଁ""}",,,,,,,,,,,,,
1976," {""7"":""ଏହା ଲାଗୁ ନୁହେଁ""}",,,,,,,,,,,,,
256," {""7"":""ନାହିଁ""}",,,,,,,,,,,,,
255," {""7"":""ହଁ""}",,,,,,,,,,,,,
1986," {""7"":""ଏହା ଲାଗୁ ନୁହେଁ""}",,,,,,,,,,,,,
258," {""7"":""ନାହିଁ""}",,,,,,,,,,,,,
257," {""7"":""ହଁ""}",,,,,,,,,,,,,
1998," {""7"":""ଏହା ଲାଗୁ ନୁହେଁ""}",,,,,,,,,,,,,
2012," {""7"":""ନାହିଁ""}",,,,,,,,,,,,,
2011," {""7"":""ହଁ""}",,,,,,,,,,,,,
2014," {""7"":""ଏହା ଲାଗୁ ନୁହେଁ""}",,,,,,,,,,,,,
2022," {""7"":""ନାହିଁ""}",,,,,,,,,,,,,
2020," {""7"":""ହଁ""}",,,,,,,,,,,,,
2027," {""7"":""ଏହା ଲାଗୁ ନୁହେଁ""}",,,,,,,,,,,,,
310," {""7"":""ନାହିଁ""}",,,,,,,,,,,,,
309," {""7"":""ହଁ""}",,,,,,,,,,,,,
2036," {""7"":""ଏହା ଲାଗୁ ନୁହେଁ""}",,,,,,,,,,,,,
2045," {""7"":""ନାହିଁ""}",,,,,,,,,,,,,
2044," {""7"":""ହଁ""}",,,,,,,,,,,,,
2052," {""7"":""ଏହା ଲାଗୁ ନୁହେଁ""}",,,,,,,,,,,,,
268," {""7"":""ନାହିଁ""}",,,,,,,,,,,,,
267," {""7"":""ହଁ""}",,,,,,,,,,,,,
270," {""7"":""ନାହିଁ""}",,,,,,,,,,,,,
269," {""7"":""ହଁ""}",,,,,,,,,,,,,
1801," {""7"":""ପ୍ରଥମ ଶ୍ରେଣୀ""}",,,,,,,,,,,,,
1802," {""7"":""ଦ୍ୱିତୀୟ ଶ୍ରେଣୀ""}",,,,,,,,,,,,,
1803," {""7"":""ତୃତୀୟ ଶ୍ରେଣୀ""}",,,,,,,,,,,,,
1804," {""7"":""ଚତୁର୍ଥ ଶ୍ରେଣୀ""}",,,,,,,,,,,,,
1805," {""7"":""ପଂଚମ ଶ୍ରେଣୀ""}",,,,,,,,,,,,,
1806," {""7"":""ଷଷ୍ଠ ଶ୍ରେଣୀ""}",,,,,,,,,,,,,
1807," {""7"":""ସପ୍ତମ ଶ୍ରେଣୀ""}",,,,,,,,,,,,,
1808," {""7"":""ଅଷ୍ଟମ ଶ୍ରେଣୀ""}",,,,,,,,,,,,,
1809," {""7"":""ନବମ ଶ୍ରେଣୀ""}",,,,,,,,,,,,,
1812," {""7"":""ଦଶମ ଶ୍ରେଣୀ""}",,,,,,,,,,,,,
1813," {""7"":""ଏକାଦଶ ଶ୍ରେଣୀ""}",,,,,,,,,,,,,
1814," {""7"":""ଦ୍ୱାଦଶ ଶ୍ରେଣୀ""}",,,,,,,,,,,,,
1816," {""7"":""ପ୍ରଥମ ଶ୍ରେଣୀ""}",,,,,,,,,,,,,
1817," {""7"":""ଦ୍ୱିତୀୟ ଶ୍ରେଣୀ""}",,,,,,,,,,,,,
1822," {""7"":""ତୃତୀୟ ଶ୍ରେଣୀ""}",,,,,,,,,,,,,
1824," {""7"":""ଚତୁର୍ଥ ଶ୍ରେଣୀ""}",,,,,,,,,,,,,
1826," {""7"":""ପଂଚମ ଶ୍ରେଣୀ""}",,,,,,,,,,,,,
1828," {""7"":""ଷଷ୍ଠ ଶ୍ରେଣୀ""}",,,,,,,,,,,,,
1829," {""7"":""ସପ୍ତମ ଶ୍ରେଣୀ""}",,,,,,,,,,,,,
1830," {""7"":""ଅଷ୍ଟମ ଶ୍ରେଣୀ""}",,,,,,,,,,,,,
1942," {""7"":""ନବମ ଶ୍ରେଣୀ""}",,,,,,,,,,,,,
1944," {""7"":""ଦଶମ ଶ୍ରେଣୀ""}",,,,,,,,,,,,,
2015," {""7"":""ଏକାଦଶ ଶ୍ରେଣୀ""}",,,,,,,,,,,,,
2016," {""7"":""ଦ୍ୱାଦଶ ଶ୍ରେଣୀ""}",,,,,,,,,,,,,
68," {""7"":""সরকার / স্থানীয় সংস্থা""}",,,,,,,,,,,,,চৰকাৰী / স্থানীয় সংস্থা
69," {""7"":""ବେସରକାରୀ ଅଣଅନୁଦାନପ୍ରାପ୍ତ- ନିଜସ୍ୱ/ ଅନୁଦାନପ୍ରାପ୍ତ/ ସୋସାଇଟି ଦ୍ୱାରା ପରିଚାଳିତ""}",,,,,,,,,,,,,
70," {""7"":""ବେସରକାରୀ ଅନୁଦାନପ୍ରାପ୍ତ- ଏକ ଅନୁଦାନପ୍ରାପ୍ତ ବିଦ୍ୟାଳୟ, ଯାହା ବେସରକାରୀ ହୋଇଥାଇପାରେ, କିନ୍ତୁ ସରକାରୀ ଅନୁଦାନ ଏବଂ ସୁବିଧା ସୁଯୋଗ ପାଉଥିବ   ""}",,,,,,,,,,,,,
75," {""7"":""ନାହିଁ""}",,,,,,,,,,,,,
74," {""7"":""ହଁ""}",,,,,,,,,,,,,
1534," {""7"":""ନାହିଁ""}",,,,,,,,,,,,,
1533," {""7"":""ହଁ""}",,,,,,,,,,,,,
1949," {""7"":""ଜଣା ନାହିଁ""}",,,,,,,,,,,,,
1857," {""7"":""ଏହା ଲାଗୁ ନୁହେଁ""}",,,,,,,,,,,,,
1536," {""7"":""ନାହିଁ""}",,,,,,,,,,,,,
1535," {""7"":""ହଁ""}",,,,,,,,,,,,,
1950," {""7"":""ଜଣା ନାହିଁ""}",,,,,,,,,,,,,
1849," {""7"":""ଏହା ଲାଗୁ ନୁହେଁ""}",,,,,,,,,,,,,
1538," {""7"":""ନାହିଁ""}",,,,,,,,,,,,,
1537," {""7"":""ହଁ""}",,,,,,,,,,,,,
1951," {""7"":""ଜଣା ନାହିଁ""}",,,,,,,,,,,,,
1850," {""7"":""ଏହା ଲାଗୁ ନୁହେଁ""}",,,,,,,,,,,,,
1540," {""7"":""ନାହିଁ""}",,,,,,,,,,,,,
1539," {""7"":""ହଁ""}",,,,,,,,,,,,,
1952," {""7"":""ଜଣା ନାହିଁ""}",,,,,,,,,,,,,
1853," {""7"":""ଏହା ଲାଗୁ ନୁହେଁ""}",,,,,,,,,,,,,
77," {""7"":""ନାହିଁ""}",,,,,,,,,,,,,
76," {""7"":""ହଁ""}",,,,,,,,,,,,,
1953," {""7"":""ଜଣା ନାହିଁ""}",,,,,,,,,,,,,
1954," {""7"":""ଏହା ଲାଗୁ ନୁହେଁ""}",,,,,,,,,,,,,
1955," {""7"":""ଜଣା ନାହିଁ""}",,,,,,,,,,,,,
1956," {""7"":""ଏହା ଲାଗୁ ନୁହେଁ""}",,,,,,,,,,,,,
86," {""7"":""ନାହିଁ""}",,,,,,,,,,,,,
85," {""7"":""ହଁ""}",,,,,,,,,,,,,
1957," {""7"":""ଜଣା ନାହିଁ""}",,,,,,,,,,,,,
1858," {""7"":""ଏହା ଲାଗୁ ନୁହେଁ""}",,,,,,,,,,,,,
88," {""7"":""ନାହିଁ""}",,,,,,,,,,,,,
87," {""7"":""ହଁ""}",,,,,,,,,,,,,
1960," {""7"":""ଜଣା ନାହିଁ""}",,,,,,,,,,,,,
1859," {""7"":""ଏହା ଲାଗୁ ନୁହେଁ""}",,,,,,,,,,,,,
90," {""7"":""ନାହିଁ""}",,,,,,,,,,,,,
89," {""7"":""ହଁ""}",,,,,,,,,,,,,
1964," {""7"":""ଜଣା ନାହିଁ""}",,,,,,,,,,,,,
1862," {""7"":""ଏହା ଲାଗୁ ନୁହେଁ""}",,,,,,,,,,,,,
1967," {""7"":""ଜଣା ନାହିଁ""}",,,,,,,,,,,,,
1968," {""7"":""ଏହା ଲାଗୁ ନୁହେଁ""}",,,,,,,,,,,,,
94," {""7"":""ନାହିଁ""}",,,,,,,,,,,,,
93," {""7"":""ହଁ""}",,,,,,,,,,,,,
1971," {""7"":""ଜଣା ନାହିଁ""}",,,,,,,,,,,,,
1973," {""7"":""ଏହା ଲାଗୁ ନୁହେଁ""}",,,,,,,,,,,,,
96," {""7"":""ନାହିଁ""}",,,,,,,,,,,,,
95," {""7"":""ହଁ""}",,,,,,,,,,,,,
1974," {""7"":""ଜଣା ନାହିଁ""}",,,,,,,,,,,,,
1975," {""7"":""ଏହା ଲାଗୁ ନୁହେଁ""}",,,,,,,,,,,,,
98," {""7"":""ନାହିଁ""}",,,,,,,,,,,,,
1977," {""7"":""ଜଣା ନାହିଁ""}",,,,,,,,,,,,,
1981," {""7"":""ଏହା ଲାଗୁ ନୁହେଁ""}",,,,,,,,,,,,,
1982," {""7"":""ଜଣା ନାହିଁ""}",,,,,,,,,,,,,
1985," {""7"":""ଏହା ଲାଗୁ ନୁହେଁ""}",,,,,,,,,,,,,
104," {""7"":""ନାହିଁ""}",,,,,,,,,,,,,
103," {""7"":""ହଁ""}",,,,,,,,,,,,,
1987," {""7"":""ଜଣା ନାହିଁ""}",,,,,,,,,,,,,
1546," {""7"":""ଏହା ଲାଗୁ ନୁହେଁ""}",,,,,,,,,,,,,
106," {""7"":""ନାହିଁ""}",,,,,,,,,,,,,
105," {""7"":""ହଁ""}",,,,,,,,,,,,,
1990," {""7"":""ଜଣା ନାହିଁ""}",,,,,,,,,,,,,
1991," {""7"":""ଏହା ଲାଗୁ ନୁହେଁ""}",,,,,,,,,,,,,
108," {""7"":""ନାହିଁ""}",,,,,,,,,,,,,
107," {""7"":""ହଁ""}",,,,,,,,,,,,,
1994," {""7"":""ଜଣା ନାହିଁ""}",,,,,,,,,,,,,
1863," {""7"":""ଏହା ଲାଗୁ ନୁହେଁ""}",,,,,,,,,,,,,
110," {""7"":""ନାହିଁ""}",,,,,,,,,,,,,
109," {""7"":""ହଁ""}",,,,,,,,,,,,,
1996," {""7"":""ଜଣା ନାହିଁ""}",,,,,,,,,,,,,
1997," {""7"":""ଏହା ଲାଗୁ ନୁହେଁ""}",,,,,,,,,,,,,
112," {""7"":""ନାହିଁ""}",,,,,,,,,,,,,
111," {""7"":""ହଁ""}",,,,,,,,,,,,,
1999," {""7"":""ଜଣା ନାହିଁ""}",,,,,,,,,,,,,
2001," {""7"":""ଏହା ଲାଗୁ ନୁହେଁ""}",,,,,,,,,,,,,
114," {""7"":""ନାହିଁ""}",,,,,,,,,,,,,
2004," {""7"":""ଜଣା ନାହିଁ""}",,,,,,,,,,,,,
2005," {""7"":""ଏହା ଲାଗୁ ନୁହେଁ""}",,,,,,,,,,,,,
116," {""7"":""ନାହିଁ""}",,,,,,,,,,,,,
115," {""7"":""ହଁ""}",,,,,,,,,,,,,
2007," {""7"":""ଜଣା ନାହିଁ""}",,,,,,,,,,,,,
1865," {""7"":""ଏହା ଲାଗୁ ନୁହେଁ""}",,,,,,,,,,,,,
118," {""7"":""ନାହିଁ""}",,,,,,,,,,,,,
117," {""7"":""ହଁ""}",,,,,,,,,,,,,
2008," {""7"":""ଜଣା ନାହିଁ""}",,,,,,,,,,,,,
2010," {""7"":""ଏହା ଲାଗୁ ନୁହେଁ""}",,,,,,,,,,,,,
1571," {""7"":""ନାହିଁ""}",,,,,,,,,,,,,
1570," {""7"":""ହଁ""}",,,,,,,,,,,,,
120," {""7"":""ନାହିଁ""}",,,,,,,,,,,,,
119," {""7"":""ହଁ""}",,,,,,,,,,,,,
122," {""7"":""ନାହିଁ""}",,,,,,,,,,,,,
121," {""7"":""ହଁ""}",,,,,,,,,,,,,
2400," {""7"":""ଏହା ଲାଗୁ ନୁହେଁ""}",,,,,,,,,,,,,
124," {""7"":""ନାହିଁ""}",,,,,,,,,,,,,
123," {""7"":""ହଁ""}",,,,,,,,,,,,,
1922," {""7"":""ଅନ୍ୟାନ୍ୟ""}",,,,,,,,,,,,,
1924," {""7"":""ଜଣା ନାହିଁ""}",,,,,,,,,,,,,
1550," {""7"":""ଏହା ଲାଗୁ ନୁହେଁ""}",,,,,,,,,,,,,
126," {""7"":""ନାହିଁ""}",,,,,,,,,,,,,
125," {""7"":""ହଁ""}",,,,,,,,,,,,,
128," {""7"":""ନାହିଁ""}",,,,,,,,,,,,,
127," {""7"":""ହଁ""}",,,,,,,,,,,,,
1928," {""7"":""ଅନ୍ୟାନ୍ୟ""}",,,,,,,,,,,,,
1929," {""7"":""ଜଣା ନାହିଁ""}",,,,,,,,,,,,,
1927," {""7"":""ଏହା ଲାଗୁ ନୁହେଁ""}",,,,,,,,,,,,,
129," {""7"":""ପକ୍କା""}",,,,,,,,,,,,,
130," {""7"":""ଅଧା ପକ୍କା""}",,,,,,,,,,,,,
131," {""7"":""କଚା""}",,,,,,,,,,,,,
133," {""7"":""ନାହିଁ""}",,,,,,,,,,,,,
132," {""7"":""ହଁ""}",,,,,,,,,,,,,
137," {""7"":""ନାହିଁ""}",,,,,,,,,,,,,
136," {""7"":""ହଁ""}",,,,,,,,,,,,,
139," {""7"":""ନାହିଁ""}",,,,,,,,,,,,,
138," {""7"":""ହଁ""}",,,,,,,,,,,,,
1935," {""7"":""ଅନ୍ୟାନ୍ୟ""}",,,,,,,,,,,,,
1934," {""7"":""ଜଣା ନାହିଁ""}",,,,,,,,,,,,,
1933," {""7"":""ଏହା ଲାଗୁ ନୁହେଁ""}",,,,,,,,,,,,,
141," {""7"":""ନାହିଁ""}",,,,,,,,,,,,,
140," {""7"":""ହଁ""}",,,,,,,,,,,,,
143," {""7"":""ନାହିଁ""}",,,,,,,,,,,,,
142," {""7"":""ହଁ, ଅନିୟମିତ""}",,,,,,,,,,,,,
1551," {""7"":""ହଁ, ନିୟମିତ""}",,,,,,,,,,,,,
145," {""7"":""ନାହିଁ""}",,,,,,,,,,,,,
144," {""7"":""ହଁ, ଅନିୟମିତ""}",,,,,,,,,,,,,
1552," {""7"":""ହଁ, ନିୟମିତ""}",,,,,,,,,,,,,
147," {""7"":""ନାହିଁ""}",,,,,,,,,,,,,
146," {""7"":""ହଁ, ଅନିୟମିତ""}",,,,,,,,,,,,,
1553," {""7"":""ହଁ, ନିୟମିତ""}",,,,,,,,,,,,,
149," {""7"":""ନାହିଁ""}",,,,,,,,,,,,,
148," {""7"":""ହଁ, ଅନିୟମିତ""}",,,,,,,,,,,,,
1554," {""7"":""ହଁ, ନିୟମିତ""}",,,,,,,,,,,,,
153," {""7"":""ନାହିଁ""}",,,,,,,,,,,,,
152," {""7"":""ହଁ, ଅନିୟମିତ""}",,,,,,,,,,,,,
1556," {""7"":""ହଁ, ନିୟମିତ""}",,,,,,,,,,,,,
151," {""7"":""ନାହିଁ""}",,,,,,,,,,,,,
150," {""7"":""ହଁ, ଅନିୟମିତ""}",,,,,,,,,,,,,
1555," {""7"":""ହଁ, ନିୟମିତ""}",,,,,,,,,,,,,
1682," {""7"":""ନାହିଁ""}",,,,,,,,,,,,,
1681," {""7"":""ହଁ""}",,,,,,,,,,,,,
155," {""7"":""ନାହିଁ""}",,,,,,,,,,,,,
154," {""7"":""ହଁ, ଅନିୟମିତ""}",,,,,,,,,,,,,
1557," {""7"":""ହଁ, ନିୟମିତ""}",,,,,,,,,,,,,
457," {""7"":""ଅଶିକ୍ଷିତ""}",,,,,,,,,,,,,
458," {""7"":""ପ୍ରଥମ ଶ୍ରେଣୀ""}",,,,,,,,,,,,,
459," {""7"":""ଦ୍ୱିତୀୟ ଶ୍ରେଣୀ""}",,,,,,,,,,,,,
460," {""7"":""ତୃତୀୟ ଶ୍ରେଣୀ""}",,,,,,,,,,,,,
461," {""7"":""ଚତୁର୍ଥ ଶ୍ରେଣୀ""}",,,,,,,,,,,,,
462," {""7"":""ପଂଚମ ଶ୍ରେଣୀ""}",,,,,,,,,,,,,
463," {""7"":""ଷଷ୍ଠ ଶ୍ରେଣୀ""}",,,,,,,,,,,,,
464," {""7"":""ସପ୍ତମ ଶ୍ରେଣୀ""}",,,,,,,,,,,,,
465," {""7"":""ଅଷ୍ଟମ ଶ୍ରେଣୀ""}",,,,,,,,,,,,,
466," {""7"":""ନବମ ଶ୍ରେଣୀ""}",,,,,,,,,,,,,
467," {""7"":""ଦଶମ ଶ୍ରେଣୀ""}",,,,,,,,,,,,,
468," {""7"":""ଏକାଦଶ ଶ୍ରେଣୀ""}",,,,,,,,,,,,,
469," {""7"":""ଦ୍ୱାଦଶ ଶ୍ରେଣୀ""}",,,,,,,,,,,,,
470," {""7"":""ଗ୍ରାଜୁଏଟ୍""}",,,,,,,,,,,,,
471," {""7"":""ଟେକ୍ନିକାଲ/ ପ୍ରଫେସନାଲ ଶିକ୍ଷା""}",,,,,,,,,,,,,
472," {""7"":""ପୋଷ୍ଟ ଗ୍ରାଜୁଏଟ୍""}",,,,,,,,,,,,,
1683," {""7"":""ଜଣା ନାହିଁ""}",,,,,,,,,,,,,
1684," {""7"":""ଏହା ଲାଗୁ ନୁହେଁ""}",,,,,,,,,,,,,
176," {""7"":""ବେକାର""}",,,,,,,,,,,,,
177," {""7"":""କୃଷିକ୍ଷେତ୍ର ଶ୍ରମିକ""}",,,,,,,,,,,,,
473," {""7"":""ଅନୌପଚାରିକ ଶ୍ରମିକ ଏବଂ ଅନ୍ୟାନ୍ୟ ଶ୍ରମିକ କାମ""}",,,,,,,,,,,,,
474," {""7"":""କୃଷି, ଦୁଗ୍ଧ ଉତ୍ପାଦନ, ମାଛ ଧରା ଏବଂ ଅନ୍ୟାନ୍ୟ ଆନୁଷଙ୍ଗିକ କାର୍ଯ୍ୟ""}",,,,,,,,,,,,,
475," {""7"":""ସ୍ୱ-ରୋଜଗାରକ୍ଷମ/ ବ୍ୟବସାୟ/ ଭେଣ୍ଡିଂ/ କାରବାର""}",,,,,,,,,,,,,
476," {""7"":""ଦରମାପ୍ରାପ୍ତ ""}",,,,,,,,,,,,,
477," {""7"":""କାରିଗର""}",,,,,,,,,,,,,
478," {""7"":""ଘରୋଇ କାମ""}",,,,,,,,,,,,,
479," {""7"":""ଅନ୍ୟାନ୍ୟ""}",,,,,,,,,,,,,
1685," {""7"":""ଜଣା ନାହିଁ""}",,,,,,,,,,,,,
1686," {""7"":""ଏହା ଲାଗୁ ନୁହେଁ""}",,,,,,,,,,,,,
480," {""7"":""ଅଶିକ୍ଷିତ""}",,,,,,,,,,,,,
481," {""7"":""ପ୍ରଥମ ଶ୍ରେଣୀ""}",,,,,,,,,,,,,
482," {""7"":""ଦ୍ୱିତୀୟ ଶ୍ରେଣୀ""}",,,,,,,,,,,,,
483," {""7"":""ତୃତୀୟ ଶ୍ରେଣୀ""}",,,,,,,,,,,,,
484," {""7"":""ଚତୁର୍ଥ ଶ୍ରେଣୀ""}",,,,,,,,,,,,,
485," {""7"":""ପଂଚମ ଶ୍ରେଣୀ""}",,,,,,,,,,,,,
486," {""7"":""ଷଷ୍ଠ ଶ୍ରେଣୀ""}",,,,,,,,,,,,,
487," {""7"":""ସପ୍ତମ ଶ୍ରେଣୀ""}",,,,,,,,,,,,,
488," {""7"":""ଅଷ୍ଟମ ଶ୍ରେଣୀ""}",,,,,,,,,,,,,
489," {""7"":""ନବମ ଶ୍ରେଣୀ""}",,,,,,,,,,,,,
490," {""7"":""ଦଶମ ଶ୍ରେଣୀ""}",,,,,,,,,,,,,
491," {""7"":""ଏକାଦଶ ଶ୍ରେଣୀ""}",,,,,,,,,,,,,
492," {""7"":""ଦ୍ୱାଦଶ ଶ୍ରେଣୀ""}",,,,,,,,,,,,,
493," {""7"":""ଗ୍ରାଜୁଏଟ୍""}",,,,,,,,,,,,,
494," {""7"":""ଟେକ୍ନିକାଲ/ ପ୍ରଫେସନାଲ ଶିକ୍ଷା""}",,,,,,,,,,,,,
495," {""7"":""ପୋଷ୍ଟ ଗ୍ରାଜୁଏଟ୍""}",,,,,,,,,,,,,
1687," {""7"":""ଜଣା ନାହିଁ""}",,,,,,,,,,,,,
1688," {""7"":""ଏହା ଲାଗୁ ନୁହେଁ""}",,,,,,,,,,,,,
181," {""7"":""ବେକାର""}",,,,,,,,,,,,,
182," {""7"":""କୃଷିକ୍ଷେତ୍ର ଶ୍ରମିକ""}",,,,,,,,,,,,,
183," {""7"":""ଅନୌପଚାରିକ ଶ୍ରମିକ ଏବଂ ଅନ୍ୟାନ୍ୟ ଶ୍ରମିକ କାମ""}",,,,,,,,,,,,,
496," {""7"":""କୃଷି, ଦୁଗ୍ଧ ଉତ୍ପାଦନ, ମାଛ ଧରା ଏବଂ ଅନ୍ୟାନ୍ୟ ଆନୁଷଙ୍ଗିକ କାର୍ଯ୍ୟ""}",,,,,,,,,,,,,
497," {""7"":""ସ୍ୱ-ରୋଜଗାରକ୍ଷମ/ ବ୍ୟବସାୟ/ ଭେଣ୍ଡିଂ/ କାରବାର""}",,,,,,,,,,,,,
498," {""7"":""ଦରମାପ୍ରାପ୍ତ ""}",,,,,,,,,,,,,
499," {""7"":""କାରିଗର""}",,,,,,,,,,,,,
500," {""7"":""ଘରୋଇ କାମ""}",,,,,,,,,,,,,
501," {""7"":""ଅନ୍ୟାନ୍ୟ""}",,,,,,,,,,,,,
1689," {""7"":""ଜଣା ନାହିଁ""}",,,,,,,,,,,,,
1690," {""7"":""ଏହା ଲାଗୁ ନୁହେଁ""}",,,,,,,,,,,,,
184," {""7"":""ନାହିଁ""}",,,,,,,,,,,,,
1815," {""7"":""ଅନ୍ୟାନ୍ୟ""}",,,,,,,,,,,,,
1810," {""7"":""ଜଣା ନାହିଁ""}",,,,,,,,,,,,,
1811," {""7"":""ଏହା ଲାଗୁ ନୁହେଁ""}",,,,,,,,,,,,,
187," {""7"":""ତଫସିଲଭୁକ୍ତ ଜାତି""}",,,,,,,,,,,,,
188," {""7"":""ତଫସିଲଭୁକ୍ତ ଜନଜାତି""}",,,,,,,,,,,,,
189," {""7"":""ଅନ୍ୟାନ୍ୟ ପଛୁଆ ବର୍ଗ""}",,,,,,,,,,,,,
191," {""7"":""ସାଧାରଣ""}",,,,,,,,,,,,,
1819," {""7"":""ଅନ୍ୟାନ୍ୟ""}",,,,,,,,,,,,,
190," {""7"":""ଜଣା ନାହିଁ""}",,,,,,,,,,,,,
1818," {""7"":""ଏହା ଲାଗୁ ନୁହେଁ""}",,,,,,,,,,,,,
192," {""7"":""ହିନ୍ଦୁ""}",,,,,,,,,,,,,
194," {""7"":""ମୁସଲିମ୍""}",,,,,,,,,,,,,
193," {""7"":""ଖ୍ରୀଷ୍ଟିଆନ""}",,,,,,,,,,,,,
1573," {""7"":""ବୁଦ୍ଧ ଧର୍ମାବଲମ୍ବୀ""}",,,,,,,,,,,,,
195," {""7"":""ଅନ୍ୟାନ୍ୟ""}",,,,,,,,,,,,,
1575," {""7"":""ଜଣା ନାହିଁ""}",,,,,,,,,,,,,
199," {""7"":""ନାହିଁ""}",,,,,,,,,,,,,
198," {""7"":""ହଁ""}",,,,,,,,,,,,,
1821," {""7"":""ଅନ୍ୟାନ୍ୟ""}",,,,,,,,,,,,,
1693," {""7"":""ଜଣା ନାହିଁ""}",,,,,,,,,,,,,
1820," {""7"":""ଏହା ଲାଗୁ ନୁହେଁ""}",,,,,,,,,,,,,
1719," {""7"":""ନାହିଁ""}",,,,,,,,,,,,,
1718," {""7"":""ହଁ""}",,,,,,,,,,,,,
504," {""7"":""ଗୃହ""}",,,,,,,,,,,,,
505," {""7"":""ସରକାରୀ ଡାକ୍ତରଖାନା/ ସ୍ୱାସ୍ଥ୍ୟ କେନ୍ଦ୍ର""}",,,,,,,,,,,,,
506," {""7"":""ଘରୋଇ ଡାକ୍ତରଖାନା/ କ୍ଲିନିକ୍/ ନର୍ସିଂ ହୋମ୍""}",,,,,,,,,,,,,
507," {""7"":""ଡାକ୍ତରଖାନା ଆସିବା ବାଟରେ/ ଭ୍ରମଣ ସମୟରେ""}",,,,,,,,,,,,,
1827," {""7"":""ଅନ୍ୟାନ୍ୟ""}",,,,,,,,,,,,,
1823," {""7"":""ଜଣା ନାହିଁ""}",,,,,,,,,,,,,
1825," {""7"":""ଏହା ଲାଗୁ ନୁହେଁ""}",,,,,,,,,,,,,
203," {""7"":""ନାହିଁ""}",,,,,,,,,,,,,
1505," {""7"":""ହଁ""}",,,,,,,,,,,,,
1506," {""7"":""ଏହା ଲାଗୁ ନୁହେଁ""}",,,,,,,,,,,,,
2402," {""7"":""ଅନ୍ୟାନ୍ୟ""}",,,,,,,,,,,,,
2401," {""7"":""ଜଣା ନାହିଁ""}",,,,,,,,,,,,,
1833," {""7"":""ଅନ୍ୟାନ୍ୟ""}",,,,,,,,,,,,,
1832," {""7"":""ଜଣା ନାହିଁ""}",,,,,,,,,,,,,
1831," {""7"":""ଏହା ଲାଗୁ ନୁହେଁ""}",,,,,,,,,,,,,
208," {""7"":""জানুয়ারী""}",,,,,,,,,,,,,
1432," {""7"":""ଫେବୃଆରୀ""}",,,,,,,,,,,,,
1433," {""7"":""ମାର୍ଚ                        ""}",,,,,,,,,,,,,
1434," {""7"":""ଏପ୍ରିଲ""}",,,,,,,,,,,,,
1435," {""7"":""ମଇ""}",,,,,,,,,,,,,
1436," {""7"":""ଜୁନ""}",,,,,,,,,,,,,
1437," {""7"":""ଜୁଲାଇ""}",,,,,,,,,,,,,জানুৱাৰী
1438," {""7"":""ଅଗଷ୍ଟ""}",,,,,,,,,,,,,
1439," {""7"":""ସେପ୍ଟେମ୍ବର""}",,,,,,,,,,,,,
1440," {""7"":""ଅକ୍ଟୋବର""}",,,,,,,,,,,,,
1441," {""7"":""ନଭେମ୍ବର""}",,,,,,,,,,,,,
1442," {""7"":""ଡିସେମ୍ବର""}",,,,,,,,,,,,,
1834," {""7"":""ଅନ୍ୟାନ୍ୟ""}",,,,,,,,,,,,,
1561," {""7"":""ଜଣା ନାହିଁ""}",,,,,,,,,,,,,
1560," {""7"":""ଏହା ଲାଗୁ ନୁହେଁ""}",,,,,,,,,,,,,
210," {""7"":""ନାହିଁ""}",,,,,,,,,,,,,
209," {""7"":""ହଁ""}",,,,,,,,,,,,,
1835," {""7"":""ଜଣା ନାହିଁ""}",,,,,,,,,,,,,
1562," {""7"":""ଏହା ଲାଗୁ ନୁହେଁ""}",,,,,,,,,,,,,
1837," {""7"":""ଜଣା ନାହିଁ""}",,,,,,,,,,,,,
1838," {""7"":""ଏହା ଲାଗୁ ନୁହେଁ""}",,,,,,,,,,,,,
214," {""7"":""ନାହିଁ""}",,,,,,,,,,,,,
1842," {""7"":""ଅନ୍ୟାନ୍ୟ""}",,,,,,,,,,,,,
1840," {""7"":""ଜଣା ନାହିଁ""}",,,,,,,,,,,,,
1841," {""7"":""ଏହା ଲାଗୁ ନୁହେଁ""}",,,,,,,,,,,,,
217," {""7"":""ନାହିଁ""}",,,,,,,,,,,,,
216," {""7"":""ହଁ""}",,,,,,,,,,,,,
1845," {""7"":""ଅନ୍ୟାନ୍ୟ""}",,,,,,,,,,,,,
1843," {""7"":""ଜଣା ନାହିଁ""}",,,,,,,,,,,,,
1844," {""7"":""ଏହା ଲାଗୁ ନୁହେଁ""}",,,,,,,,,,,,,
219," {""7"":""ନାହିଁ""}",,,,,,,,,,,,,
218," {""7"":""ହଁ""}",,,,,,,,,,,,,
1848," {""7"":""ଅନ୍ୟାନ୍ୟ""}",,,,,,,,,,,,,
1846," {""7"":""ଜଣା ନାହିଁ""}",,,,,,,,,,,,,
1847," {""7"":""ଏହା ଲାଗୁ ନୁହେଁ""}",,,,,,,,,,,,,
220," {""7"":""ନାହିଁ""}",,,,,,,,,,,,,
1854," {""7"":""ଅନ୍ୟାନ୍ୟ""}",,,,,,,,,,,,,
1851," {""7"":""ଜଣା ନାହିଁ""}",,,,,,,,,,,,,
1852," {""7"":""ଏହା ଲାଗୁ ନୁହେଁ""}",,,,,,,,,,,,,
1516," {""7"":""ଅନ୍ୟାନ୍ୟ""}",,,,,,,,,,,,,
1855," {""7"":""ଜଣା ନାହିଁ""}",,,,,,,,,,,,,
1856," {""7"":""ଏହା ଲାଗୁ ନୁହେଁ""}",,,,,,,,,,,,,
345," {""7"":""ସାଧାରଣ""}",,,,,,,,,,,,,
346," {""7"":""ଏମ୍ଏଏମ""}",,,,,,,,,,,,,
347," {""7"":""ଏସ୍ଏଏମ୍""}",,,,,,,,,,,,,
1788," {""7"":""ଜଣା ନାହିଁ""}",,,,,,,,,,,,,
324," {""7"":""ନାହିଁ""}",,,,,,,,,,,,,
323," {""7"":""ହଁ""}",,,,,,,,,,,,,
1791," {""7"":""ଜଣା ନାହିଁ""}",,,,,,,,,,,,,
326," {""7"":""ନାହିଁ""}",,,,,,,,,,,,,
325," {""7"":""ଘଜଉ(NRC)""}",,,,,,,,,,,,,
1795," {""7"":""ଗଞଉ(MTC)""}",,,,,,,,,,,,,
2332," {""7"":""ଡାକ୍ତରଖାନା""}",,,,,,,,,,,,,
1793," {""7"":""ଜଣା ନାହିଁ""}",,,,,,,,,,,,,
1794," {""7"":""ଏହା ଲାଗୁ ନୁହେଁ""}",,,,,,,,,,,,,
332," {""7"":""ନାହିଁ""}",,,,,,,,,,,,,
331," {""7"":""ହଁ""}",,,,,,,,,,,,,
1796," {""7"":""ଜଣା ନାହିଁ""}",,,,,,,,,,,,,
1797," {""7"":""ଏହା ଲାଗୁ ନୁହେଁ""}",,,,,,,,,,,,,
333," {""7"":""ପରିବାର କିମ୍ବା/ ଘରକୁ ଛାଡ଼ି ଦୀର୍ଘ ଦିନ ରହିପାରିବ ନାହିଁ""}",,,,,,,,,,,,,
334," {""7"":""ସାଙ୍ଗରେ କୌଣସି ଲୋକ ରହିପାରିବେ ନାହ""}",,,,,,,,,,,,,
335," {""7"":""ବହୁତ ଦୂର ""}",,,,,,,,,,,,,
336," {""7"":""ବହୁତ ଦୂର ""}",,,,,,,,,,,,,
337," {""7"":""ଆର୍ଥକ ସମସ୍ୟା/ ଦାରିଦ୍ର୍ୟ ""}",,,,,,,,,,,,,
339," {""7"":""ଅନ୍ୟାନ୍ୟ""}",,,,,,,,,,,,,
2333," {""7"":""ଜଣା ନାହିଁ""}",,,,,,,,,,,,,
338," {""7"":""ଏହା ଲାଗୁ ନୁହେଁ""}",,,,,,,,,,,,,
1799," {""7"":""ଜଣା ନାହିଁ""}",,,,,,,,,,,,,
344," {""7"":""ଏହା ଲାଗୁ ନୁହେଁ""}",,,,,,,,,,,,,
353," {""7"":""ବିଦ୍ୟାଳୟ ଅଧାରୁ ଛାଡ଼ିଦେଇଛି""}",,,,,,,,,,,,,
352," {""7"":""ନାମ ଲେଖାଇଛି ଏବଂ ଏବେ ବିଦ୍ୟାଳୟକୁ ଯାଉଛି""}",,,,,,,,,,,,,
1770," {""7"":""ଜଣା ନାହିଁ""}",,,,,,,,,,,,,
1771," {""7"":""ଏହା ଲାଗୁ ନୁହେଁ""}",,,,,,,,,,,,,
1772," {""7"":""ଜଣା ନାହିଁ""}",,,,,,,,,,,,,
508," {""7"":""ନାହିଁ""}",,,,,,,,,,,,,
509," {""7"":""ହଁ, କେବେକେବେ""}",,,,,,,,,,,,,
510," {""7"":""ହଁ, ସାଧାରଣତଃ / ଅଧିକାଂଶ ସମୟରେ""}",,,,,,,,,,,,,
1773," {""7"":""ଜଣା ନାହିଁ""}",,,,,,,,,,,,,
1774," {""7"":""ଏହା ଲାଗୁ ନୁହେଁ""}",,,,,,,,,,,,,
360," {""7"":""ନାହିଁ""}",,,,,,,,,,,,,
361," {""7"":""ହଁ, କେବେକେବେ""}",,,,,,,,,,,,,
362," {""7"":""ହଁ, ସାଧାରଣତଃ / ଅଧିକାଂଶ ସମୟରେ""}",,,,,,,,,,,,,
1775," {""7"":""ଜଣା ନାହିଁ""}",,,,,,,,,,,,,
1776," {""7"":""ଏହା ଲାଗୁ ନୁହେଁ""}",,,,,,,,,,,,,
363," {""7"":""ନାହିଁ""}",,,,,,,,,,,,,
364," {""7"":""ହଁ, ଘରେ""}",,,,,,,,,,,,,
365," {""7"":""ପରିବାର ସହିତ ଘରଠରୁ ଦୂରରେ(ଦେଶାନ୍ତର ସମୟରେ କାମ)""}",,,,,,,,,,,,,
366," {""7"":""ହଁ ଘର ଠାରୁ ବାହାରେ ଏକୁଟିଆ""}",,,,,,,,,,,,,
1777," {""7"":""ଜଣା ନାହିଁ""}",,,,,,,,,,,,,
1778," {""7"":""ଏହା ଲାଗୁ ନୁହେଁ""}",,,,,,,,,,,,,
423," {""7"":""୩ ଘଂଟାରୁ କମ୍""}",,,,,,,,,,,,,
424," {""7"":""୩- ୬ ଘଂଟା""}",,,,,,,,,,,,,
425," {""7"":""୬- ୮ ଘଂଟା""}",,,,,,,,,,,,,
426," {""7"":""୪- ୮ ଘଂଟାରୁ ଅଧିଳ ସମୟ""}",,,,,,,,,,,,,
1779," {""7"":""ଜଣା ନାହିଁ""}",,,,,,,,,,,,,
1780," {""7"":""ଏହା ଲାଗୁ ନୁହେଁ""}",,,,,,,,,,,,,
427," {""7"":""୭ ଦିନରୁ କମ୍""}",,,,,,,,,,,,,
428," {""7"":""୭ରୁ ୧୫ ଦିନ""}",,,,,,,,,,,,,
429," {""7"":""୧୬ରୁ ୨୧ ଦିନ""}",,,,,,,,,,,,,
430," {""7"":""୨୧ ଦିନରୁ ଅଧିକ""}",,,,,,,,,,,,,
1781," {""7"":""ଜଣା ନାହିଁ""}",,,,,,,,,,,,,
1782," {""7"":""ଏହା ଲାଗୁ ନୁହେଁ""}",,,,,,,,,,,,,
431," {""7"":""କୃଷି""}",,,,,,,,,,,,,
432," {""7"":""ଘରୋଇ କାମ""}",,,,,,,,,,,,,
433," {""7"":""ବିଡ଼ି ତିଆରି""}",,,,,,,,,,,,,
434," {""7"":""ଇଟା ଭାଟି""}",,,,,,,,,,,,,
435," {""7"":""ଗାଲିଚା ବୁଣା""}",,,,,,,,,,,,,
436," {""7"":""ନିର୍ମାଣ କାର୍ଯ୍ୟ""}",,,,,,,,,,,,,
437," {""7"":""ବାଣ ଓ ଦିଆସିଲି ତିଆରି କାରଖାନା""}",,,,,,,,,,,,,
438," {""7"":""ହେଟେଲ/ ରେଷ୍ଟୁରାଂଟ""}",,,,,,,,,,,,,
439," {""7"":""ଖଣି/  ଖାଦାନ""}",,,,,,,,,,,,,
440," {""7"":""ହୀରା ଓ ରତ୍ନ ପଥର ଉଦ୍ୟୋଗ""}",,,,,,,,,,,,,
441," {""7"":""ଗୋରୁ ଚରାଇବା""}",,,,,,,,,,,,,
442," {""7"":""ଜରି କାମ""}",,,,,,,,,,,,,
443," {""7"":""ଖଣ୍ଡ ହିସାବରେ କାମ କରିବା""}",,,,,,,,,,,,,
444," {""7"":""ଫୁଲ ତୋଳା""}",,,,,,,,,,,,,
445," {""7"":""ପୁଲା ବିକାଳ""}",,,,,,,,,,,,,
446," {""7"":""ଗ୍ୟାରେଚ୍ କାମ""}",,,,,,,,,,,,,
447," {""7"":""ପରାଗସଙ୍ଗମ କରାଇବା""}",,,,,,,,,,,,,
448," {""7"":""ଉଦ୍ୟୋଗ, ଉପରେ ଦିଆଯାଇଥିବା କାମଠାରୁ ଭିନ""}",,,,,,,,,,,,,
449," {""7"":""ଖବରକାଗଜ/ କ୍ଷୀର ବାଂଟିବା""}",,,,,,,,,,,,,
450," {""7"":""ଅଣ ଜଙ୍ଗଲଜାତ ଦ୍ରବ୍ୟ ସଂଗ୍ରହ""}",,,,,,,,,,,,,
451," {""7"":""ମାଛ ଧରା""}",,,,,,,,,,,,,
452," {""7"":""ଜରି ଗୋଟାଇବା""}",,,,,,,,,,,,,
453," {""7"":""ଭକ୍ଷା ବୃତି""}",,,,,,,,,,,,,
454," {""7"":""ଅନ୍ୟାନ୍ୟ""}",,,,,,,,,,,,,
455," {""7"":""ଜଣା ନାହିଁ""}",,,,,,,,,,,,,
456," {""7"":""ଏହା ଲାଗୁ ନୁହେଁ""}",,,,,,,,,,,,,
402," {""7"":""ନାହିଁ""}",,,,,,,,,,,,,
403," {""7"":""ହଁ""}",,,,,,,,,,,,,
1783," {""7"":""ଜଣା ନାହିଁ""}",,,,,,,,,,,,,
404," {""7"":""ଦେଶାନ୍ତରିତ ହୋଇନାହିଁ""}",,,,,,,,,,,,,
405," {""7"":""ହିଁ, ପରିବାର ସହିତ""}",,,,,,,,,,,,,
406," {""7"":""ହିଁ, ସଂପର୍କୀୟ/ ବନ୍ଧୁ/ ପଡୋଶୀ/ ଜଣାଶୁଣା ବ୍ୟକ୍ତ""}",,,,,,,,,,,,,
407," {""7"":""ହଁ, ଶ୍ରମ ନିମନ୍ତେ ପିଲା ପଠାଉଥିବା ବ୍ୟକ୍ତି / ଦଲାଲ""}",,,,,,,,,,,,,
408," {""7"":""ହଁ, ଏକୁଟିଆ""}",,,,,,,,,,,,,
1785," {""7"":""ଜଣା ନାହିଁ""}",,,,,,,,,,,,,
409," {""7"":""ହଁ, ଏକୁଟିଆ""}",,,,,,,,,,,,,
410," {""7"":""ଶିକ୍ଷା""}",,,,,,,,,,,,,
411," {""7"":""ସାମାଜିକ କାର୍ଯ୍ୟ/ ପର୍ବ ପର୍ବାଣି/ ବାହାଘର""}",,,,,,,,,,,,,
412," {""7"":""ପିତାମାତାଂକ ସହ ରହିବା ନିମନ୍ତେ""}",,,,,,,,,,,,,
413," {""7"":""ଜଣା ନାହିଁ""}",,,,,,,,,,,,,
1470," {""7"":""ଜଣା ନାହିଁ""}",,,,,,,,,,,,,
1471," {""7"":""କୃଷି""}",,,,,,,,,,,,,
1472," {""7"":""ଘରୋଇ କାମ""}",,,,,,,,,,,,,
1473," {""7"":""ବିଡ଼ି ତିଆରି""}",,,,,,,,,,,,,
1474," {""7"":""ଇଟା ଭାଟି""}",,,,,,,,,,,,,
1475," {""7"":""ଗାଲିଚା ବୁଣା""}",,,,,,,,,,,,,
1476," {""7"":""ନିର୍ମାଣ କାର୍ଯ୍ୟ""}",,,,,,,,,,,,,
1477," {""7"":""ବାଣ ଓ ଦିଆସିଲି ତିଆରି କାରଖାନା""}",,,,,,,,,,,,,
1478," {""7"":""ହେଟେଲ/ ରେଷ୍ଟୁରାଂଟ""}",,,,,,,,,,,,,
1479," {""7"":""ଖଣି/  ଖାଦାନ""}",,,,,,,,,,,,,
1480," {""7"":""ହୀରା ଓ ରତ୍ନ ପଥର ଉଦ୍ୟୋଗ""}",,,,,,,,,,,,,
1481," {""7"":""ଗୋରୁ ଚରାଇବା""}",,,,,,,,,,,,,
1482," {""7"":""ଜରି କାମ""}",,,,,,,,,,,,,
1483," {""7"":""ଖଣ୍ଡ ହିସାବରେ କାମ କରିବା""}",,,,,,,,,,,,,
1484," {""7"":""ଫୁଲ ତୋଳା""}",,,,,,,,,,,,,
1485," {""7"":""ପୁଲା ବିକାଳ""}",,,,,,,,,,,,,
1486," {""7"":""ଗ୍ୟାରେଚ୍ କାମ""}",,,,,,,,,,,,,
1487," {""7"":""ପରାଗସଙ୍ଗମ କରାଇବା""}",,,,,,,,,,,,,
1488," {""7"":""ଉଦ୍ୟୋଗ, ଉପରେ ଦିଆଯାଇଥିବା କାମଠାରୁ ଭିନ""}",,,,,,,,,,,,,
1489," {""7"":""ଖବରକାଗଜ/ କ୍ଷୀର ବାଂଟିବା""}",,,,,,,,,,,,,
1490," {""7"":""ଅଣ ଜଙ୍ଗଲଜାତ ଦ୍ରବ୍ୟ ସଂଗ୍ରହ""}",,,,,,,,,,,,,
1491," {""7"":""ମାଛ ଧରା""}",,,,,,,,,,,,,
1492," {""7"":""ଜରି ଗୋଟାଇବା""}",,,,,,,,,,,,,
1493," {""7"":""ଭକ୍ଷା ବୃତି""}",,,,,,,,,,,,,
1494," {""7"":""ଅନ୍ୟାନ୍ୟ  ""}",,,,,,,,,,,,,
1495," {""7"":""ଜଣା ନାହିଁ""}",,,,,,,,,,,,,
2403," {""7"":""ଏହା ଲାଗୁ ନୁହେଁ""}",,,,,,,,,,,,,
523," {""7"":""ନାହିଁ""}",,,,,,,,,,,,,
522," {""7"":""ହଁ""}",,,,,,,,,,,,,
580," {""7"":""ନାହିଁ""}",,,,,,,,,,,,,
579," {""7"":""ହଁ""}",,,,,,,,,,,,,
527," {""7"":""ଦିଆଯାଇନାହିଁ""}",,,,,,,,,,,,,
526," {""7"":""ଦିଆଯାଇଛି""}",,,,,,,,,,,,,
530," {""7"":""ଦିଆଯାଇନାହିଁ""}",,,,,,,,,,,,,
529," {""7"":""ଦିଆଯାଇଛି""}",,,,,,,,,,,,,
2291," {""7"":""ଜଣା ନାହିଁ""}",,,,,,,,,,,,,
534," {""7"":""ଦିଆଯାଇନାହିଁ""}",,,,,,,,,,,,,
533," {""7"":""ଦିଆଯାଇଛି""}",,,,,,,,,,,,,
2292," {""7"":""ଜଣା ନାହିଁ""}",,,,,,,,,,,,,
538," {""7"":""ଦିଆଯାଇନାହିଁ""}",,,,,,,,,,,,,
537," {""7"":""ଦିଆଯାଇଛି""}",,,,,,,,,,,,,
1740," {""7"":""ଜଣା ନାହିଁ""}",,,,,,,,,,,,,
1741," {""7"":""ଏହା ଲାଗୁ ନୁହେଁ""}",,,,,,,,,,,,,
542," {""7"":""ଦିଆଯାଇନାହିଁ""}",,,,,,,,,,,,,
541," {""7"":""ଦିଆଯାଇଛି""}",,,,,,,,,,,,,
1737," {""7"":""ଜଣା ନାହିଁ""}",,,,,,,,,,,,,
1738," {""7"":""ଏହା ଲାଗୁ ନୁହେଁ""}",,,,,,,,,,,,,
545," {""7"":""ଦିଆଯାଇନାହିଁ""}",,,,,,,,,,,,,
544," {""7"":""ଦିଆଯାଇଛି""}",,,,,,,,,,,,,
1743," {""7"":""ଜଣା ନାହିଁ""}",,,,,,,,,,,,,
1745," {""7"":""ଏହା ଲାଗୁ ନୁହେଁ""}",,,,,,,,,,,,,
548," {""7"":""ଦିଆଯାଇନାହିଁ""}",,,,,,,,,,,,,
547," {""7"":""ଦିଆଯାଇଛି""}",,,,,,,,,,,,,
1746," {""7"":""ଜଣା ନାହିଁ""}",,,,,,,,,,,,,
1747," {""7"":""ଏହା ଲାଗୁ ନୁହେଁ""}",,,,,,,,,,,,,
551," {""7"":""ଦିଆଯାଇନାହିଁ""}",,,,,,,,,,,,,
550," {""7"":""ଦିଆଯାଇଛି""}",,,,,,,,,,,,,
1748," {""7"":""ଜଣା ନାହିଁ""}",,,,,,,,,,,,,
1749," {""7"":""ଏହା ଲାଗୁ ନୁହେଁ""}",,,,,,,,,,,,,
554," {""7"":""ଦିଆଯାଇନାହିଁ""}",,,,,,,,,,,,,
553," {""7"":""ଦିଆଯାଇଛି""}",,,,,,,,,,,,,
1750," {""7"":""ଜଣା ନାହିଁ""}",,,,,,,,,,,,,
1751," {""7"":""ଏହା ଲାଗୁ ନୁହେଁ""}",,,,,,,,,,,,,
557," {""7"":""ଦିଆଯାଇନାହିଁ""}",,,,,,,,,,,,,
556," {""7"":""ଦିଆଯାଇଛି""}",,,,,,,,,,,,,
1752," {""7"":""ଜଣା ନାହିଁ""}",,,,,,,,,,,,,
1753," {""7"":""ଏହା ଲାଗୁ ନୁହେଁ""}",,,,,,,,,,,,,
560," {""7"":""ଦିଆଯାଇନାହିଁ""}",,,,,,,,,,,,,
559," {""7"":""ଦିଆଯାଇଛି""}",,,,,,,,,,,,,
1754," {""7"":""ଜଣା ନାହିଁ""}",,,,,,,,,,,,,
1755," {""7"":""ଏହା ଲାଗୁ ନୁହେଁ""}",,,,,,,,,,,,,
563," {""7"":""ଦିଆଯାଇନାହିଁ""}",,,,,,,,,,,,,
562," {""7"":""ଦିଆଯାଇଛି""}",,,,,,,,,,,,,
1756," {""7"":""ଜଣା ନାହିଁ""}",,,,,,,,,,,,,
1757," {""7"":""ଏହା ଲାଗୁ ନୁହେଁ""}",,,,,,,,,,,,,
566," {""7"":""ଦିଆଯାଇନାହିଁ""}",,,,,,,,,,,,,
565," {""7"":""ଦିଆଯାଇଛି""}",,,,,,,,,,,,,
1758," {""7"":""ଜଣା ନାହିଁ""}",,,,,,,,,,,,,
1532," {""7"":""ଏହା ଲାଗୁ ନୁହେଁ""}",,,,,,,,,,,,,
1654," {""7"":""ଦିଆଯାଇନାହିଁ""}",,,,,,,,,,,,,
1653," {""7"":""ଦିଆଯାଇଛି""}",,,,,,,,,,,,,
1656," {""7"":""ଜଣା ନାହିଁ""}",,,,,,,,,,,,,
1655," {""7"":""ଏହା ଲାଗୁ ନୁହେଁ""}",,,,,,,,,,,,,
569," {""7"":""ଦିଆଯାଇନାହିଁ""}",,,,,,,,,,,,,
568," {""7"":""ଦିଆଯାଇଛି""}",,,,,,,,,,,,,
1760," {""7"":""ଜଣା ନାହିଁ""}",,,,,,,,,,,,,
1611," {""7"":""ଏହା ଲାଗୁ ନୁହେଁ""}",,,,,,,,,,,,,
572," {""7"":""ଦିଆଯାଇନାହିଁ""}",,,,,,,,,,,,,
571," {""7"":""ଦିଆଯାଇଛି""}",,,,,,,,,,,,,
1766," {""7"":""ଅନ୍ୟାନ୍ୟ  ""}",,,,,,,,,,,,,
1764," {""7"":""ଜଣା ନାହିଁ""}",,,,,,,,,,,,,
1765," {""7"":""ଏହା ଲାଗୁ ନୁହେଁ""}",,,,,,,,,,,,,
575," {""7"":""ଦିଆଯାଇନାହିଁ""}",,,,,,,,,,,,,
574," {""7"":""ଦିଆଯାଇଛି""}",,,,,,,,,,,,,
1761," {""7"":""ଜଣା ନାହିଁ""}",,,,,,,,,,,,,
1762," {""7"":""ଏହା ଲାଗୁ ନୁହେଁ""}",,,,,,,,,,,,,
578," {""7"":""ନାହିଁ""}",,,,,,,,,,,,,
577," {""7"":""ହଁ""}",,,,,,,,,,,,,
1767," {""7"":""ଜଣା ନାହିଁ""}",,,,,,,,,,,,,
587," {""7"":""ନାହିଁ""}",,,,,,,,,,,,,
586," {""7"":""ହଁ""}",,,,,,,,,,,,,
1694," {""7"":""ଜଣା ନାହିଁ""}",,,,,,,,,,,,,
1695," {""7"":""ଏହା ଲାଗୁ ନୁହେଁ""}",,,,,,,,,,,,,
588," {""7"":""ବିଦ୍ୟାଳୟ ଅଧାରୁ ଛାଡ଼ିଦେଇଛି""}",,,,,,,,,,,,,
589," {""7"":""ନାମ ଲେଖାଇଛି ଏବଂ ଏବେ ବିଦ୍ୟାଳୟକୁ ଯାଉଛି""}",,,,,,,,,,,,,
1699," {""7"":""ଜଣା ନାହିଁ""}",,,,,,,,,,,,,
1700," {""7"":""ଏହା ଲାଗୁ ନୁହେଁ""}",,,,,,,,,,,,,
648," {""7"":""ପ୍ରଥମ ଶ୍ରେଣୀ""}",,,,,,,,,,,,,
649," {""7"":""ଦ୍ୱିତୀୟ ଶ୍ରେଣୀ""}",,,,,,,,,,,,,
650," {""7"":""ତୃତୀୟ ଶ୍ରେଣୀ""}",,,,,,,,,,,,,
651," {""7"":""ଚତୁର୍ଥ ଶ୍ରେଣୀ""}",,,,,,,,,,,,,
652," {""7"":""ପଂଚମ ଶ୍ରେଣୀ""}",,,,,,,,,,,,,
653," {""7"":""ଷଷ୍ଠ ଶ୍ରେଣୀ""}",,,,,,,,,,,,,
654," {""7"":""ସପ୍ତମ ଶ୍ରେଣୀ""}",,,,,,,,,,,,,
655," {""7"":""ଅଷ୍ଟମ ଶ୍ରେଣୀ""}",,,,,,,,,,,,,
656," {""7"":""ନବମ ଶ୍ରେଣୀ""}",,,,,,,,,,,,,
657," {""7"":""ଦଶମ ଶ୍ରେଣୀ""}",,,,,,,,,,,,,
658," {""7"":""ଏକାଦଶ ଶ୍ରେଣୀ""}",,,,,,,,,,,,,
659," {""7"":""ଦ୍ୱାଦଶ ଶ୍ରେଣୀ""}",,,,,,,,,,,,,
660," {""7"":""ଗ୍ରାଜୁଏଟ୍ ଏବଂ ଅଧିକ""}",,,,,,,,,,,,,
1707," {""7"":""ଅନ୍ୟାନ୍ୟ  ""}",,,,,,,,,,,,,
1708," {""7"":""ଜଣା ନାହିଁ""}",,,,,,,,,,,,,
1709," {""7"":""ଏହା ଲାଗୁ ନୁହେଁ""}",,,,,,,,,,,,,
662," {""7"":""ଅନିୟମିତ  ""}",,,,,,,,,,,,,
661," {""7"":""ନିୟମିତ ""}",,,,,,,,,,,,,
1710," {""7"":""ଜଣା ନାହିଁ""}",,,,,,,,,,,,,
1711," {""7"":""ଏହା ଲାଗୁ ନୁହେଁ""}",,,,,,,,,,,,,
663," {""7"":""ପରିବାରକୁ କାମରେ ସହାଯ୍ୟ କରିବା ଦରକାର/ ପରିବାରର ପେଶା""}",,,,,,,,,,,,,
664," {""7"":""ଅର୍ଥ ଉପାର୍ଜନ ପାଇଁ ଶିଶୁ ଯଦି କାମ କରିବାକୁ ଚାହୁଁଛି""}",,,,,,,,,,,,,
665," {""7"":""ପରିବାର/ ଶିଶୁ କାମ ପାଇଁ କିମ୍ବା ଅନ୍ୟ କୌଣସି କାରଣ ପାଇଁ ଅନ୍ୟ ସ୍ଥାନକୁ ସ୍ଥାନାନ୍ତର ହୋଇ ଯାଇଛନ୍ତ""}",,,,,,,,,,,,,
666," {""7"":""ଭାଇଭଉଣୀଙ୍କ ଯତ୍ନ ନେବା ଜରୁରୀ/ ଦୈନନ୍ଦିନ ଘରୋଇ କାର୍ଯ୍ୟ କରିବା ଦରକାର""}",,,,,,,,,,,,,
667," {""7"":""ଶିକ୍ଷାର ଆବଶ୍ୟକତା ନାହିଁ ବୋଲି ପିତାମାତା ବୁଝାଇ ଦେଇଛନ୍ତି""}",,,,,,,,,,,,,
668," {""7"":""ଶିଶୁ ଶିକ୍ଷା ପ୍ରତି ଆଗ୍ରହ ନାହିଁ""}",,,,,,,,,,,,,
669," {""7"":""ବିକଳାଙ୍ଗ""}",,,,,,,,,,,,,
670," {""7"":""ବିବାହ""}",,,,,,,,,,,,,
671," {""7"":""ବିଦ୍ୟାଳୟରେ ଶିକ୍ଷା ସନ୍ତୋଷଜନକ ନୁହେଁ""}",,,,,,,,,,,,,
672," {""7"":""ବିଦ୍ୟାଳୟରେ ଦିଆଯାଉଥିବା ଶିକ୍ଷା ପର୍ଯ୍ୟାପ୍ତ/ ସନ୍ତୋଷଜନକ ନୁହେଁ ""}",,,,,,,,,,,,,
673," {""7"":""ଦୂରରେ ବିଦ୍ୟାଳୟ ରହିଛି/ ବିଦ୍ୟାଳୟକୁ ଯିବା ସୁବିଧାଜନକ ନୁହେଁ""}",,,,,,,,,,,,,
674," {""7"":""ଅସୁରକ୍ଷିତ ବିଦ୍ୟାଳୟ/ ବିଦ୍ୟାଳୟକୁ ଯିବା ଅସୁରକ୍ଷିତ""}",,,,,,,,,,,,,
675," {""7"":""ଉଚ୍ଚ ଶ୍ରେଣୀ ପାଇଁ ବିଦ୍ୟାଳୟ ଗ୍ରାମ ନିକଟରେ ନାହିଁ""}",,,,,,,,,,,,,
676," {""7"":""ମଧ୍ୟାହ୍ନ ଭୋଜନ ମିଳୁନାହିଁ କିମ୍ବା ଅନିୟମିତ ଭାବେ ମିଳୁଛି/ ମଧ୍ୟାହ୍ନ ଭୋଜନର ମାନ ଭଲ ନୁହେଁ""}",,,,,,,,,,,,,
677," {""7"":""ଶିକ୍ଷକଙ୍କ ଭେଦଭାବର ଶିକାର/ ଉଚ୍ଚ ଶ୍ରେଣୀର ଶିକ୍ଷକମାନଙ୍କ ଖରାପ ବ୍ୟବହାରର ଶିକାର""}",,,,,,,,,,,,,
678," {""7"":""ଅନ୍ୟ ଛାତ୍ରଛାତ୍ରୀଙ୍କ ଭେଦଭାବର ଶିକାର/ ଉଚ୍ଚ ଶ୍ରେଣୀର ଛାତ୍ରଛାତ୍ରୀମାନଙ୍କ ଖରାପ ବ୍ୟବହାରର ଶିକାର""}",,,,,,,,,,,,,
679," {""7"":""ଶାରିରୀକ ଦଂଣ""}",,,,,,,,,,,,,
680," {""7"":""ଯୌନ ଶୋଷଣର ଶିକାର""}",,,,,,,,,,,,,
1713," {""7"":""ଅନ୍ୟାନ୍ୟ  ""}",,,,,,,,,,,,,
1712," {""7"":""ଜଣା ନାହିଁ""}",,,,,,,,,,,,,
1500," {""7"":""ଏହା ଲାଗୁ ନୁହେଁ""}",,,,,,,,,,,,,
1612," {""7"":""ପରିବାରକୁ କାମରେ ସହାଯ୍ୟ କରିବା ଦରକାର/ ପରିବାରର ପେଶା""}",,,,,,,,,,,,,
1613," {""7"":""ଅର୍ଥ ଉପାର୍ଜନ ପାଇଁ ଶିଶୁ ଯଦି କାମ କରିବାକୁ ଚାହୁଁଛି""}",,,,,,,,,,,,,
1614," {""7"":""ପରିବାର/ ଶିଶୁ କାମ ପାଇଁ କିମ୍ବା ଅନ୍ୟ କୌଣସି କାରଣ ପାଇଁ ଅନ୍ୟ ସ୍ଥାନକୁ ସ୍ଥାନାନ୍ତର ହୋଇ ଯାଇଛନ୍ତ""}",,,,,,,,,,,,,
1615," {""7"":""ଭାଇଭଉଣୀଙ୍କ ଯତ୍ନ ନେବା ଜରୁରୀ/ ଦୈନନ୍ଦିନ ଘରୋଇ କାର୍ଯ୍ୟ କରିବା ଦରକାର""}",,,,,,,,,,,,,
1616," {""7"":""ଶିକ୍ଷାର ଆବଶ୍ୟକତା ନାହିଁ ବୋଲି ପିତାମାତା ବୁଝାଇ ଦେଇଛନ୍ତି""}",,,,,,,,,,,,,
1617," {""7"":""ଶିଶୁ ଶିକ୍ଷା ପ୍ରତି ଆଗ୍ରହ ନାହିଁ""}",,,,,,,,,,,,,
1618," {""7"":""ବିକଳାଙ୍ଗ""}",,,,,,,,,,,,,
1619," {""7"":""ବିବାହ""}",,,,,,,,,,,,,
1620," {""7"":""ବିଦ୍ୟାଳୟରେ ଶିକ୍ଷା ସନ୍ତୋଷଜନକ ନୁହେଁ""}",,,,,,,,,,,,,
1621," {""7"":""ବିଦ୍ୟାଳୟରେ ଦିଆଯାଉଥିବା ଶିକ୍ଷା ପର୍ଯ୍ୟାପ୍ତ/ ସନ୍ତୋଷଜନକ ନୁହେଁ ""}",,,,,,,,,,,,,
1651," {""7"":""ଦୂରରେ ବିଦ୍ୟାଳୟ ରହିଛି/ ବିଦ୍ୟାଳୟକୁ ଯିବା ସୁବିଧାଜନକ ନୁହେଁ""}",,,,,,,,,,,,,চৰকাৰী
1622," {""7"":""ଅସୁରକ୍ଷିତ ବିଦ୍ୟାଳୟ/ ବିଦ୍ୟାଳୟକୁ ଯିବା ଅସୁରକ୍ଷିତ""}",,,,,,,,,,,,,
1623," {""7"":""ଉଚ୍ଚ ଶ୍ରେଣୀ ପାଇଁ ବିଦ୍ୟାଳୟ ଗ୍ରାମ ନିକଟରେ ନାହିଁ""}",,,,,,,,,,,,,
1624," {""7"":""ମଧ୍ୟାହ୍ନ ଭୋଜନ ମିଳୁନାହିଁ କିମ୍ବା ଅନିୟମିତ ଭାବେ ମିଳୁଛି/ ମଧ୍ୟାହ୍ନ ଭୋଜନର ମାନ ଭଲ ନୁହେଁ""}",,,,,,,,,,,,,
1625," {""7"":""ଶିକ୍ଷକଙ୍କ ଭେଦଭାବର ଶିକାର/ ଉଚ୍ଚ ଶ୍ରେଣୀର ଶିକ୍ଷକମାନଙ୍କ ଖରାପ ବ୍ୟବହାରର ଶିକାର""}",,,,,,,,,,,,,
1626," {""7"":""ଅନ୍ୟ ଛାତ୍ରଛାତ୍ରୀଙ୍କ ଭେଦଭାବର ଶିକାର/ ଉଚ୍ଚ ଶ୍ରେଣୀର ଛାତ୍ରଛାତ୍ରୀମାନଙ୍କ ଖରାପ ବ୍ୟବହାରର ଶିକାର""}",,,,,,,,,,,,,
1627," {""7"":""ଶାରିରୀକ ଦଂଣ""}",,,,,,,,,,,,,
1628," {""7"":""ଯୌନ ଶୋଷଣର ଶିକାର""}",,,,,,,,,,,,,
1715," {""7"":""ଅନ୍ୟାନ୍ୟ  ""}",,,,,,,,,,,,,
1714," {""7"":""ଜଣା ନାହିଁ""}",,,,,,,,,,,,,
1629," {""7"":""ଏହା ଲାଗୁ ନୁହେଁ""}",,,,,,,,,,,,,
1630," {""7"":""ପରିବାରକୁ କାମରେ ସହାଯ୍ୟ କରିବା ଦରକାର/ ପରିବାରର ପେଶା""}",,,,,,,,,,,,,
1631," {""7"":""ଅର୍ଥ ଉପାର୍ଜନ ପାଇଁ ଶିଶୁ ଯଦି କାମ କରିବାକୁ ଚାହୁଁଛି""}",,,,,,,,,,,,,
1632," {""7"":""ପରିବାର/ ଶିଶୁ କାମ ପାଇଁ କିମ୍ବା ଅନ୍ୟ କୌଣସି କାରଣ ପାଇଁ ଅନ୍ୟ ସ୍ଥାନକୁ ସ୍ଥାନାନ୍ତର ହୋଇ ଯାଇଛନ୍ତ""}",,,,,,,,,,,,,
1633," {""7"":""ଭାଇଭଉଣୀଙ୍କ ଯତ୍ନ ନେବା ଜରୁରୀ/ ଦୈନନ୍ଦିନ ଘରୋଇ କାର୍ଯ୍ୟ କରିବା ଦରକାର""}",,,,,,,,,,,,,
1634," {""7"":""ଶିକ୍ଷାର ଆବଶ୍ୟକତା ନାହିଁ ବୋଲି ପିତାମାତା ବୁଝାଇ ଦେଇଛନ୍ତି""}",,,,,,,,,,,,,
1635," {""7"":""ଶିଶୁ ଶିକ୍ଷା ପ୍ରତି ଆଗ୍ରହ ନାହିଁ""}",,,,,,,,,,,,,
1636," {""7"":""ବିକଳାଙ୍ଗ""}",,,,,,,,,,,,,
1637," {""7"":""ବିବାହ""}",,,,,,,,,,,,,
1638," {""7"":""ବିଦ୍ୟାଳୟରେ ଶିକ୍ଷା ସନ୍ତୋଷଜନକ ନୁହେଁ""}",,,,,,,,,,,,,
1639," {""7"":""ବିଦ୍ୟାଳୟରେ ଦିଆଯାଉଥିବା ଶିକ୍ଷା ପର୍ଯ୍ୟାପ୍ତ/ ସନ୍ତୋଷଜନକ ନୁହେଁ ""}",,,,,,,,,,,,,
1640," {""7"":""ଦୂରରେ ବିଦ୍ୟାଳୟ ରହିଛି/ ବିଦ୍ୟାଳୟକୁ ଯିବା ସୁବିଧାଜନକ ନୁହେଁ""}",,,,,,,,,,,,,
1641," {""7"":""ଅସୁରକ୍ଷିତ ବିଦ୍ୟାଳୟ/ ବିଦ୍ୟାଳୟକୁ ଯିବା ଅସୁରକ୍ଷିତ""}",,,,,,,,,,,,,
1642," {""7"":""ଉଚ୍ଚ ଶ୍ରେଣୀ ପାଇଁ ବିଦ୍ୟାଳୟ ଗ୍ରାମ ନିକଟରେ ନାହିଁ""}",,,,,,,,,,,,,
1643," {""7"":""ମଧ୍ୟାହ୍ନ ଭୋଜନ ମିଳୁନାହିଁ କିମ୍ବା ଅନିୟମିତ ଭାବେ ମିଳୁଛି/ ମଧ୍ୟାହ୍ନ ଭୋଜନର ମାନ ଭଲ ନୁହେଁ""}",,,,,,,,,,,,,
1644," {""7"":""ଶିକ୍ଷକଙ୍କ ଭେଦଭାବର ଶିକାର/ ଉଚ୍ଚ ଶ୍ରେଣୀର ଶିକ୍ଷକମାନଙ୍କ ଖରାପ ବ୍ୟବହାରର ଶିକାର""}",,,,,,,,,,,,,
1645," {""7"":""ଅନ୍ୟ ଛାତ୍ରଛାତ୍ରୀଙ୍କ ଭେଦଭାବର ଶିକାର/ ଉଚ୍ଚ ଶ୍ରେଣୀର ଛାତ୍ରଛାତ୍ରୀମାନଙ୍କ ଖରାପ ବ୍ୟବହାରର ଶିକାର""}",,,,,,,,,,,,,
1646," {""7"":""ଶାରିରୀକ ଦଂଣ""}",,,,,,,,,,,,,
1647," {""7"":""ଯୌନ ଶୋଷଣର ଶିକାର""}",,,,,,,,,,,,,
1717," {""7"":""ଅନ୍ୟାନ୍ୟ  ""}",,,,,,,,,,,,,
1716," {""7"":""ଜଣା ନାହିଁ""}",,,,,,,,,,,,,
1648," {""7"":""ଏହା ଲାଗୁ ନୁହେଁ""}",,,,,,,,,,,,,
1043," {""7"":""ଗ୍ରାମ""}",,,,,,,,,,,,,
1042," {""7"":""ସହର""}",,,,,,,,,,,,,
715," {""7"":""ନାହିଁ, ଗ୍ରାମ/ ହାମଲେଟ୍ରେ ନୁହେଁ""}",,,,,,,,,,,,,
1041," {""7"":""ହଁ, ଗ୍ରାମ/ ହାମଲେଟ୍ରେ""}",,,,,,,,,,,,,
2334," {""7"":""ଜଣା ନାହିଁ""}",,,,,,,,,,,,,
2335," {""7"":""ଏହା ଲାଗୁ ନୁହେଁ""}",,,,,,,,,,,,,
1044," {""7"":""ପ୍ରଥମ ଶ୍ରେଣୀ""}",,,,,,,,,,,,,
1045," {""7"":""ଦ୍ୱିତୀୟ ଶ୍ରେଣୀ""}",,,,,,,,,,,,,
1046," {""7"":""ତୃତୀୟ ଶ୍ରେଣୀ""}",,,,,,,,,,,,,
1047," {""7"":""ଚତୁର୍ଥ ଶ୍ରେଣୀ""}",,,,,,,,,,,,,
1048," {""7"":""ପଂଚମ ଶ୍ରେଣୀ""}",,,,,,,,,,,,,
2201," {""7"":""ଷଷ୍ଠ ଶ୍ରେଣୀ""}",,,,,,,,,,,,,
2202," {""7"":""ସପ୍ତମ ଶ୍ରେଣୀ""}",,,,,,,,,,,,,
2203," {""7"":""ଅଷ୍ଟମ ଶ୍ରେଣୀ""}",,,,,,,,,,,,,
2204," {""7"":""ନବମ ଶ୍ରେଣୀ""}",,,,,,,,,,,,,
2336," {""7"":""ଦଶମ ଶ୍ରେଣୀ""}",,,,,,,,,,,,,
2337," {""7"":""ଏକାଦଶ ଶ୍ରେଣୀ""}",,,,,,,,,,,,,
2338," {""7"":""ଦ୍ୱାଦଶ ଶ୍ରେଣୀ""}",,,,,,,,,,,,,
2206," {""7"":""ଏହା ଲାଗୁ ନୁହେଁ""}",,,,,,,,,,,,,
2208," {""7"":""ପ୍ରଥମ ଶ୍ରେଣୀ""}",,,,,,,,,,,,,
2209," {""7"":""ଦ୍ୱିତୀୟ ଶ୍ରେଣୀ""}",,,,,,,,,,,,,
2210," {""7"":""ତୃତୀୟ ଶ୍ରେଣୀ""}",,,,,,,,,,,,,
2211," {""7"":""ଚତୁର୍ଥ ଶ୍ରେଣୀ""}",,,,,,,,,,,,,
2212," {""7"":""ପଂଚମ ଶ୍ରେଣୀ""}",,,,,,,,,,,,,
1049," {""7"":""ଷଷ୍ଠ ଶ୍ରେଣୀ""}",,,,,,,,,,,,,
1050," {""7"":""ସପ୍ତମ ଶ୍ରେଣୀ""}",,,,,,,,,,,,,
1051," {""7"":""ଅଷ୍ଟମ ଶ୍ରେଣୀ""}",,,,,,,,,,,,,
2213," {""7"":""ନବମ ଶ୍ରେଣୀ""}",,,,,,,,,,,,,
2339," {""7"":""ଦଶମ ଶ୍ରେଣୀ""}",,,,,,,,,,,,,
2340," {""7"":""ଏକାଦଶ ଶ୍ରେଣୀ""}",,,,,,,,,,,,,
2341," {""7"":""ଦ୍ୱାଦଶ ଶ୍ରେଣୀ""}",,,,,,,,,,,,,
2215," {""7"":""ଏହା ଲାଗୁ ନୁହେଁ""}",,,,,,,,,,,,,
1052," {""7"":""সরকার / স্থানীয় সংস্থা""}",,,,,,,,,,,,,
1547," {""7"":""ବେସରକାରୀ ଅଣଅନୁଦାନପ୍ରାପ୍ତ- ନିଜସ୍ୱ/ ଅନୁଦାନପ୍ରାପ୍ତ/ ସୋସାଇଟି ଦ୍ୱାରା ପରିଚାଳିତ""}",,,,,,,,,,,,,
1053," {""7"":""ବେସରକାରୀ ଅନୁଦାନପ୍ରାପ୍ତ- ଏକ ଅନୁଦାନପ୍ରାପ୍ତ ବିଦ୍ୟାଳୟ, ଯାହା ବେସରକାରୀ ହୋଇଥାଇପାରେ, କିନ୍ତୁ ସରକାରୀ ଅନୁଦାନ ଏବଂ ସୁବିଧା ସୁଯୋଗ ପାଉଥିବ   ""}",,,,,,,,,,,,,
2183," {""7"":""ଏହା ଲାଗୁ ନୁହେଁ""}",,,,,,,,,,,,,
701," {""7"":""କୌଣସି ପ୍ରତିବନ୍ଧକ ନାହ""}",,,,,,,,,,,,,
702," {""7"":""ଉଚ୍ଚ ଶ୍ରେଣୀର ହାମଲେଟ୍ ନିକଟରେ""}",,,,,,,,,,,,,
703," {""7"":""ଗ୍ରାମଠାରୁ ଦୂର""}",,,,,,,,,,,,,
704," {""7"":""ମୁଖ୍ୟ ରାସ୍ତା ଉପରେ""}",,,,,,,,,,,,,
705," {""7"":""ରାସ୍ତ/ ଟ୍ରାଫିକ୍ ଅତିକ୍ରମ କରିବାକୁ ପଡ଼େ""}",,,,,,,,,,,,,
706," {""7"":""ବଜାର ଭିତରେ/ ନିକଟରେ""}",,,,,,,,,,,,,
707," {""7"":""ଜଙ୍ଗଲ/ ପାହାଡ଼ ଅତିକ୍ରମ କରି ଯିବାକୁ ପଡେ""}",,,,,,,,,,,,,
708," {""7"":""ଝରଣା/ ନଦୀ ଅତିକ୍ରମ କରି ଯିବାକୁ ପଡ଼େ""}",,,,,,,,,,,,,
709," {""7"":""ଶ୍ମଶାନ ନିକଟରେ""}",,,,,,,,,,,,,
710," {""7"":""ଖୋଲାରେ ପାଠ ପଢା ହୁଏ""}",,,,,,,,,,,,,
711," {""7"":"" ରେଳ ଧାରଣା ଅତିକ୍ରମ କରିବାକୁ ପଡ଼େ""}",,,,,,,,,,,,,
712," {""7"":""ବାର କିମ୍ବା ରେଷ୍ଟୁରା ନିକଟରେ""}",,,,,,,,,,,,,
713," {""7"":""ଧାର୍ମିକ ଭବନ ନିକଟରେ""}",,,,,,,,,,,,,
714," {""7"":""ଅନ୍ୟାନ୍ୟ  ""}",,,,,,,,,,,,,
2186," {""7"":""ଏହା ଲାଗୁ ନୁହେଁ""}",,,,,,,,,,,,,
717," {""7"":""ନାହିଁ, ଗ୍ରାମ/ ହାମଲେଟ୍ରେ ନୁହେଁ""}",,,,,,,,,,,,,
718," {""7"":""ହଁ, ଗ୍ରାମ/ ହାମଲେଟ୍ରେ""}",,,,,,,,,,,,,
2188," {""7"":""ଏହା ଲାଗୁ ନୁହେଁ""}",,,,,,,,,,,,,
2346," {""7"":""ପ୍ରଥମ ଶ୍ରେଣୀ""}",,,,,,,,,,,,,
2345," {""7"":""ଦ୍ୱିତୀୟ ଶ୍ରେଣୀ""}",,,,,,,,,,,,,
2344," {""7"":""ତୃତୀୟ ଶ୍ରେଣୀ""}",,,,,,,,,,,,,
2343," {""7"":""ଚତୁର୍ଥ ଶ୍ରେଣୀ""}",,,,,,,,,,,,,
2342," {""7"":""ପଂଚମ ଶ୍ରେଣୀ""}",,,,,,,,,,,,,
1054," {""7"":""ଷଷ୍ଠ ଶ୍ରେଣୀ""}",,,,,,,,,,,,,
1055," {""7"":""ସପ୍ତମ ଶ୍ରେଣୀ""}",,,,,,,,,,,,,
1056," {""7"":""ଅଷ୍ଟମ ଶ୍ରେଣୀ""}",,,,,,,,,,,,,
2347," {""7"":""ନବମ ଶ୍ରେଣୀ""}",,,,,,,,,,,,,
2348," {""7"":""ଦଶମ ଶ୍ରେଣୀ""}",,,,,,,,,,,,,
2349," {""7"":""ଏକାଦଶ ଶ୍ରେଣୀ""}",,,,,,,,,,,,,
2350," {""7"":""ଦ୍ୱାଦଶ ଶ୍ରେଣୀ""}",,,,,,,,,,,,,
2191," {""7"":""ଏହା ଲାଗୁ ନୁହେଁ""}",,,,,,,,,,,,,
2355," {""7"":""ପ୍ରଥମ ଶ୍ରେଣୀ""}",,,,,,,,,,,,,
2354," {""7"":""ଦ୍ୱିତୀୟ ଶ୍ରେଣୀ""}",,,,,,,,,,,,,
2353," {""7"":""ତୃତୀୟ ଶ୍ରେଣୀ""}",,,,,,,,,,,,,
2352," {""7"":""ଚତୁର୍ଥ ଶ୍ରେଣୀ""}",,,,,,,,,,,,,
2351," {""7"":""ପଂଚମ ଶ୍ରେଣୀ""}",,,,,,,,,,,,,
723," {""7"":""ଷଷ୍ଠ ଶ୍ରେଣୀ""}",,,,,,,,,,,,,
724," {""7"":""ସପ୍ତମ ଶ୍ରେଣୀ""}",,,,,,,,,,,,,
725," {""7"":""ଅଷ୍ଟମ ଶ୍ରେଣୀ""}",,,,,,,,,,,,,
2356," {""7"":""ନବମ ଶ୍ରେଣୀ""}",,,,,,,,,,,,,
2357," {""7"":""ଦଶମ ଶ୍ରେଣୀ""}",,,,,,,,,,,,,
2358," {""7"":""ଏକାଦଶ ଶ୍ରେଣୀ""}",,,,,,,,,,,,,
2359," {""7"":""ଦ୍ୱାଦଶ ଶ୍ରେଣୀ""}",,,,,,,,,,,,,
2194," {""7"":""ଏହା ଲାଗୁ ନୁହେଁ""}",,,,,,,,,,,,,
726," {""7"":""সরকার / স্থানীয় সংস্থা""}",,,,,,,,,,,,,
1649," {""7"":""ବେସରକାରୀ ଅଣଅନୁଦାନପ୍ରାପ୍ତ- ନିଜସ୍ୱ/ ଅନୁଦାନପ୍ରାପ୍ତ/ ସୋସାଇଟି ଦ୍ୱାରା ପରିଚାଳିତ""}",,,,,,,,,,,,,
727," {""7"":""ବେସରକାରୀ ଅନୁଦାନପ୍ରାପ୍ତ- ଏକ ଅନୁଦାନପ୍ରାପ୍ତ ବିଦ୍ୟାଳୟ, ଯାହା ବେସରକାରୀ ହୋଇଥାଇପାରେ, କିନ୍ତୁ ସରକାରୀ ଅନୁଦାନ ଏବଂ ସୁବିଧା ସୁଯୋଗ ପାଉଥିବ   ""}",,,,,,,,,,,,,
2197," {""7"":""ଏହା ଲାଗୁ ନୁହେଁ""}",,,,,,,,,,,,,
729," {""7"":""କୌଣସି ପ୍ରତିବନ୍ଧକ ନାହ""}",,,,,,,,,,,,,
730," {""7"":""ଉଚ୍ଚ ଶ୍ରେଣୀର ହାମଲେଟ୍ ନିକଟରେ""}",,,,,,,,,,,,,
731," {""7"":""ଗ୍ରାମଠାରୁ ଦୂର""}",,,,,,,,,,,,,
732," {""7"":""ମୁଖ୍ୟ ରାସ୍ତା ଉପରେ""}",,,,,,,,,,,,,
733," {""7"":""ରାସ୍ତ/ ଟ୍ରାଫିକ୍ ଅତିକ୍ରମ କରିବାକୁ ପଡ଼େ""}",,,,,,,,,,,,,
734," {""7"":""ବଜାର ଭିତରେ/ ନିକଟରେ""}",,,,,,,,,,,,,
735," {""7"":""ଜଙ୍ଗଲ/ ପାହାଡ଼ ଅତିକ୍ରମ କରି ଯିବାକୁ ପଡେ""}",,,,,,,,,,,,,
736," {""7"":""ଝରଣା/ ନଦୀ ଅତିକ୍ରମ କରି ଯିବାକୁ ପଡ଼େ""}",,,,,,,,,,,,,
737," {""7"":""ଶ୍ମଶାନ ନିକଟରେ""}",,,,,,,,,,,,,
738," {""7"":""ଖୋଲାରେ ପାଠ ପଢା ହୁଏ""}",,,,,,,,,,,,,
739," {""7"":"" ରେଳ ଧାରଣା ଅତିକ୍ରମ କରିବାକୁ ପଡ଼େ""}",,,,,,,,,,,,,
740," {""7"":""ବାର କିମ୍ବା ରେଷ୍ଟୁରା ନିକଟରେ""}",,,,,,,,,,,,,
741," {""7"":""ଧାର୍ମିକ ଭବନ ନିକଟରେ""}",,,,,,,,,,,,,
742," {""7"":""ଅନ୍ୟାନ୍ୟ  ""}",,,,,,,,,,,,,
2200," {""7"":""ଏହା ଲାଗୁ ନୁହେଁ""}",,,,,,,,,,,,,
744," {""7"":""ନାହିଁ, ଗ୍ରାମ/ ହାମଲେଟ୍ରେ ନୁହେଁ""}",,,,,,,,,,,,,
745," {""7"":""ହଁ, ଗ୍ରାମ/ ହାମଲେଟ୍ରେ""}",,,,,,,,,,,,,
2218," {""7"":""ଏହା ଲାଗୁ ନୁହେଁ""}",,,,,,,,,,,,,
2386," {""7"":""ପ୍ରଥମ ଶ୍ରେଣୀ""}",,,,,,,,,,,,,
2385," {""7"":""ଦ୍ୱିତୀୟ ଶ୍ରେଣୀ""}",,,,,,,,,,,,,
2384," {""7"":""ତୃତୀୟ ଶ୍ରେଣୀ""}",,,,,,,,,,,,,
2383," {""7"":""ଚତୁର୍ଥ ଶ୍ରେଣୀ""}",,,,,,,,,,,,,
2382," {""7"":""ପଂଚମ ଶ୍ରେଣୀ""}",,,,,,,,,,,,,
2381," {""7"":""ଷଷ୍ଠ ଶ୍ରେଣୀ""}",,,,,,,,,,,,,
2380," {""7"":""ସପ୍ତମ ଶ୍ରେଣୀ""}",,,,,,,,,,,,,
2379," {""7"":""ଅଷ୍ଟମ ଶ୍ରେଣୀ""}",,,,,,,,,,,,,
747," {""7"":""ନବମ ଶ୍ରେଣୀ""}",,,,,,,,,,,,,
748," {""7"":""ଦଶମ ଶ୍ରେଣୀ""}",,,,,,,,,,,,,
2221," {""7"":""ଏହା ଲାଗୁ ନୁହେଁ""}",,,,,,,,,,,,,
2394," {""7"":""ପ୍ରଥମ ଶ୍ରେଣୀ""}",,,,,,,,,,,,,
2393," {""7"":""ଦ୍ୱିତୀୟ ଶ୍ରେଣୀ""}",,,,,,,,,,,,,
2392," {""7"":""ତୃତୀୟ ଶ୍ରେଣୀ""}",,,,,,,,,,,,,
2391," {""7"":""ଚତୁର୍ଥ ଶ୍ରେଣୀ""}",,,,,,,,,,,,,
2390," {""7"":""ପଂଚମ ଶ୍ରେଣୀ""}",,,,,,,,,,,,,
2389," {""7"":""ଷଷ୍ଠ ଶ୍ରେଣୀ""}",,,,,,,,,,,,,
2388," {""7"":""ସପ୍ତମ ଶ୍ରେଣୀ""}",,,,,,,,,,,,,
2387," {""7"":""ଅଷ୍ଟମ ଶ୍ରେଣୀ""}",,,,,,,,,,,,,
749," {""7"":""ନବମ ଶ୍ରେଣୀ""}",,,,,,,,,,,,,
750," {""7"":""ଦଶମ ଶ୍ରେଣୀ""}",,,,,,,,,,,,,
2396," {""7"":""ଏକାଦଶ ଶ୍ରେଣୀ""}",,,,,,,,,,,,,
2395," {""7"":""ଦ୍ୱାଦଶ ଶ୍ରେଣୀ""}",,,,,,,,,,,,,
2224," {""7"":""ଏହା ଲାଗୁ ନୁହେଁ""}",,,,,,,,,,,,,
751," {""7"":""সরকার / স্থানীয় সংস্থা""}",,,,,,,,,,,,,
1568," {""7"":""ବେସରକାରୀ ଅଣଅନୁଦାନପ୍ରାପ୍ତ- ନିଜସ୍ୱ/ ଅନୁଦାନପ୍ରାପ୍ତ/ ସୋସାଇଟି ଦ୍ୱାରା ପରିଚାଳିତ""}",,,,,,,,,,,,,
2398," {""7"":""ବେସରକାରୀ ଅନୁଦାନପ୍ରାପ୍ତ- ଏକ ଅନୁଦାନପ୍ରାପ୍ତ ବିଦ୍ୟାଳୟ, ଯାହା ବେସରକାରୀ ହୋଇଥାଇପାରେ, କିନ୍ତୁ ସରକାରୀ ଅନୁଦାନ ଏବଂ ସୁବିଧା ସୁଯୋଗ ପାଉଥିବ   ""}",,,,,,,,,,,,,
2227," {""7"":""ଏହା ଲାଗୁ ନୁହେଁ""}",,,,,,,,,,,,,
754," {""7"":""କୌଣସି ପ୍ରତିବନ୍ଧକ ନାହ""}",,,,,,,,,,,,,
755," {""7"":""ଉଚ୍ଚ ଶ୍ରେଣୀର ହାମଲେଟ୍ ନିକଟରେ""}",,,,,,,,,,,,,
756," {""7"":""ଗ୍ରାମଠାରୁ ଦୂର""}",,,,,,,,,,,,,
757," {""7"":""ମୁଖ୍ୟ ରାସ୍ତା ଉପରେ""}",,,,,,,,,,,,,
758," {""7"":""ରାସ୍ତ/ ଟ୍ରାଫିକ୍ ଅତିକ୍ରମ କରିବାକୁ ପଡ଼େ""}",,,,,,,,,,,,,
759," {""7"":""ବଜାର ଭିତରେ/ ନିକଟରେ""}",,,,,,,,,,,,,
760," {""7"":""ଜଙ୍ଗଲ/ ପାହାଡ଼ ଅତିକ୍ରମ କରି ଯିବାକୁ ପଡେ""}",,,,,,,,,,,,,
761," {""7"":""ଝରଣା/ ନଦୀ ଅତିକ୍ରମ କରି ଯିବାକୁ ପଡ଼େ""}",,,,,,,,,,,,,
762," {""7"":""ଶ୍ମଶାନ ନିକଟରେ""}",,,,,,,,,,,,,
763," {""7"":""ଖୋଲାରେ ପାଠ ପଢା ହୁଏ""}",,,,,,,,,,,,,
764," {""7"":"" ରେଳ ଧାରଣା ଅତିକ୍ରମ କରିବାକୁ ପଡ଼େ""}",,,,,,,,,,,,,
765," {""7"":""ବାର କିମ୍ବା ରେଷ୍ଟୁରା ନିକଟରେ""}",,,,,,,,,,,,,
766," {""7"":""ଧାର୍ମିକ ଭବନ ନିକଟରେ""}",,,,,,,,,,,,,
767," {""7"":""ଅନ୍ୟାନ୍ୟ  ""}",,,,,,,,,,,,,
2229," {""7"":""ଏହା ଲାଗୁ ନୁହେଁ""}",,,,,,,,,,,,,
769," {""7"":""ନାହିଁ, ଗ୍ରାମ/ ହାମଲେଟ୍ରେ ନୁହେଁ""}",,,,,,,,,,,,,
770," {""7"":""ହଁ, ଗ୍ରାମ/ ହାମଲେଟ୍ରେ""}",,,,,,,,,,,,,
2233," {""7"":""ଏହା ଲାଗୁ ନୁହେଁ""}",,,,,,,,,,,,,
2360," {""7"":""ପ୍ରଥମ ଶ୍ରେଣୀ""}",,,,,,,,,,,,,
2361," {""7"":""ଦ୍ୱିତୀୟ ଶ୍ରେଣୀ""}",,,,,,,,,,,,,
2362," {""7"":""ତୃତୀୟ ଶ୍ରେଣୀ""}",,,,,,,,,,,,,
2363," {""7"":""ଚତୁର୍ଥ ଶ୍ରେଣୀ""}",,,,,,,,,,,,,
2364," {""7"":""ପଂଚମ ଶ୍ରେଣୀ""}",,,,,,,,,,,,,
2365," {""7"":""ଷଷ୍ଠ ଶ୍ରେଣୀ""}",,,,,,,,,,,,,
2366," {""7"":""ସପ୍ତମ ଶ୍ରେଣୀ""}",,,,,,,,,,,,,
2367," {""7"":""ଅଷ୍ଟମ ଶ୍ରେଣୀ""}",,,,,,,,,,,,,
2368," {""7"":""ନବମ ଶ୍ରେଣୀ""}",,,,,,,,,,,,,
2369," {""7"":""ଦଶମ ଶ୍ରେଣୀ""}",,,,,,,,,,,,,
772," {""7"":""ଏକାଦଶ ଶ୍ରେଣୀ""}",,,,,,,,,,,,,
773," {""7"":""ଦ୍ୱାଦଶ ଶ୍ରେଣୀ""}",,,,,,,,,,,,,
2236," {""7"":""ଏହା ଲାଗୁ ନୁହେଁ""}",,,,,,,,,,,,,
2370," {""7"":""ଦଶମ ଶ୍ରେଣୀ""}",,,,,,,,,,,,,
774," {""7"":""ଏକାଦଶ ଶ୍ରେଣୀ""}",,,,,,,,,,,,,
775," {""7"":""ଦ୍ୱାଦଶ ଶ୍ରେଣୀ""}",,,,,,,,,,,,,
2239," {""7"":""ଏହା ଲାଗୁ ନୁହେଁ""}",,,,,,,,,,,,,
776," {""7"":""সরকার / স্থানীয় সংস্থা""}",,,,,,,,,,,,,
2241," {""7"":""ବେସରକାରୀ ଅଣଅନୁଦାନପ୍ରାପ୍ତ- ନିଜସ୍ୱ/ ଅନୁଦାନପ୍ରାପ୍ତ/ ସୋସାଇଟି ଦ୍ୱାରା ପରିଚାଳିତ""}",,,,,,,,,,,,,
777," {""7"":""ବେସରକାରୀ ଅନୁଦାନପ୍ରାପ୍ତ- ଏକ ଅନୁଦାନପ୍ରାପ୍ତ ବିଦ୍ୟାଳୟ, ଯାହା ବେସରକାରୀ ହୋଇଥାଇପାରେ, କିନ୍ତୁ ସରକାରୀ ଅନୁଦାନ ଏବଂ ସୁବିଧା ସୁଯୋଗ ପାଉଥିବ   ""}",,,,,,,,,,,,,
2243," {""7"":""ଏହା ଲାଗୁ ନୁହେଁ""}",,,,,,,,,,,,,
779," {""7"":""କୌଣସି ପ୍ରତିବନ୍ଧକ ନାହ""}",,,,,,,,,,,,,
780," {""7"":""ଉଚ୍ଚ ଶ୍ରେଣୀର ହାମଲେଟ୍ ନିକଟରେ""}",,,,,,,,,,,,,
781," {""7"":""ଗ୍ରାମଠାରୁ ଦୂର""}",,,,,,,,,,,,,
782," {""7"":""ମୁଖ୍ୟ ରାସ୍ତା ଉପରେ""}",,,,,,,,,,,,,
783," {""7"":""ରାସ୍ତ/ ଟ୍ରାଫିକ୍ ଅତିକ୍ରମ କରିବାକୁ ପଡ଼େ""}",,,,,,,,,,,,,
784," {""7"":""ବଜାର ଭିତରେ/ ନିକଟରେ""}",,,,,,,,,,,,,
785," {""7"":""ଜଙ୍ଗଲ/ ପାହାଡ଼ ଅତିକ୍ରମ କରି ଯିବାକୁ ପଡେ""}",,,,,,,,,,,,,
786," {""7"":""ଝରଣା/ ନଦୀ ଅତିକ୍ରମ କରି ଯିବାକୁ ପଡ଼େ""}",,,,,,,,,,,,,
787," {""7"":""ଶ୍ମଶାନ ନିକଟରେ""}",,,,,,,,,,,,,
788," {""7"":""ଖୋଲାରେ ପାଠ ପଢା ହୁଏ""}",,,,,,,,,,,,,
789," {""7"":"" ରେଳ ଧାରଣା ଅତିକ୍ରମ କରିବାକୁ ପଡ଼େ""}",,,,,,,,,,,,,
790," {""7"":""ବାର କିମ୍ବା ରେଷ୍ଟୁରା ନିକଟରେ""}",,,,,,,,,,,,,
791," {""7"":""ଧାର୍ମିକ ଭବନ ନିକଟରେ""}",,,,,,,,,,,,,
792," {""7"":""ଅନ୍ୟାନ୍ୟ""}",,,,,,,,,,,,,
2246," {""7"":""ଏହା ଲାଗୁ ନୁହେଁ""}",,,,,,,,,,,,,
794," {""7"":""ନାହିଁ, ଗ୍ରାମ/ ହାମଲେଟ୍ରେ ନୁହେଁ""}",,,,,,,,,,,,,
795," {""7"":""ହଁ, ଗ୍ରାମ/ ହାମଲେଟ୍ରେ""}",,,,,,,,,,,,,
797," {""7"":""କୌଣସି ପ୍ରତିବନ୍ଧକ ନାହ""}",,,,,,,,,,,,,
798," {""7"":""ଉଚ୍ଚ ଶ୍ରେଣୀର ହାମଲେଟ୍ ନିକଟରେ""}",,,,,,,,,,,,,
799," {""7"":""ଗ୍ରାମଠାରୁ ଦୂର""}",,,,,,,,,,,,,
800," {""7"":""ମୁଖ୍ୟ ରାସ୍ତା ଉପରେ""}",,,,,,,,,,,,,
801," {""7"":""ରାସ୍ତ/ ଟ୍ରାଫିକ୍ ଅତିକ୍ରମ କରିବାକୁ ପଡ଼େ""}",,,,,,,,,,,,,
802," {""7"":""ବଜାର ଭିତରେ/ ନିକଟରେ""}",,,,,,,,,,,,,
803," {""7"":""ଜଙ୍ଗଲ/ ପାହାଡ଼ ଅତିକ୍ରମ କରି ଯିବାକୁ ପଡେ""}",,,,,,,,,,,,,
804," {""7"":""ଝରଣା/ ନଦୀ ଅତିକ୍ରମ କରି ଯିବାକୁ ପଡ଼େ""}",,,,,,,,,,,,,
805," {""7"":""ଶ୍ମଶାନ ନିକଟରେ""}",,,,,,,,,,,,,
806," {""7"":""ଖୋଲାରେ ପାଠ ପଢା ହୁଏ""}",,,,,,,,,,,,,
807," {""7"":"" ରେଳ ଧାରଣା ଅତିକ୍ରମ କରିବାକୁ ପଡ଼େ""}",,,,,,,,,,,,,
808," {""7"":""ବାର କିମ୍ବା ରେଷ୍ଟୁରା ନିକଟରେ""}",,,,,,,,,,,,,
809," {""7"":""ଧାର୍ମିକ ଭବନ ନିକଟରେ""}",,,,,,,,,,,,,
810," {""7"":""ଅନ୍ୟାନ୍ୟ""}",,,,,,,,,,,,,
2251," {""7"":""ଏହା ଲାଗୁ ନୁହେଁ""}",,,,,,,,,,,,,
812," {""7"":""ନାହିଁ""}",,,,,,,,,,,,,
813," {""7"":""ହଁ""}",,,,,,,,,,,,,
2404," {""7"":""ଏହା ଲାଗୁ ନୁହେଁ""}",,,,,,,,,,,,,
814," {""7"":""ନାହିଁ""}",,,,,,,,,,,,,
815," {""7"":""ହଁ""}",,,,,,,,,,,,,
2405," {""7"":""ଏହା ଲାଗୁ ନୁହେଁ""}",,,,,,,,,,,,,
819," {""7"":""କୌଣସି ପ୍ରତିବନ୍ଧକ ନାହ""}",,,,,,,,,,,,,
820," {""7"":""ଉଚ୍ଚ ଶ୍ରେଣୀର ହାମଲେଟ୍ ନିକଟରେ""}",,,,,,,,,,,,,
821," {""7"":""ଗ୍ରାମଠାରୁ ଦୂର""}",,,,,,,,,,,,,
822," {""7"":""ମୁଖ୍ୟ ରାସ୍ତା ଉପରେ""}",,,,,,,,,,,,,
823," {""7"":""ରାସ୍ତ/ ଟ୍ରାଫିକ୍ ଅତିକ୍ରମ କରିବାକୁ ପଡ଼େ""}",,,,,,,,,,,,,
824," {""7"":""ବଜାର ଭିତରେ/ ନିକଟରେ""}",,,,,,,,,,,,,
825," {""7"":""ଜଙ୍ଗଲ/ ପାହାଡ଼ ଅତିକ୍ରମ କରି ଯିବାକୁ ପଡେ""}",,,,,,,,,,,,,
826," {""7"":""ଝରଣା/ ନଦୀ ଅତିକ୍ରମ କରି ଯିବାକୁ ପଡ଼େ""}",,,,,,,,,,,,,
827," {""7"":""ଶ୍ମଶାନ ନିକଟରେ""}",,,,,,,,,,,,,
828," {""7"":""ଅନ୍ୟାନ୍ୟ""}",,,,,,,,,,,,,
818," {""7"":""ଏହା ଲାଗୁ ନୁହେଁ""}",,,,,,,,,,,,,
830," {""7"":""ନାହିଁ""}",,,,,,,,,,,,,
831," {""7"":""ହଁ""}",,,,,,,,,,,,,
2261," {""7"":""ଏହା ଲାଗୁ ନୁହେଁ""}",,,,,,,,,,,,,
835," {""7"":""କୌଣସି ପ୍ରତିବନ୍ଧକ ନାହ""}",,,,,,,,,,,,,
836," {""7"":""ଉଚ୍ଚ ଶ୍ରେଣୀର ହାମଲେଟ୍ ନିକଟରେ""}",,,,,,,,,,,,,
837," {""7"":""ଗ୍ରାମଠାରୁ ଦୂର""}",,,,,,,,,,,,,
838," {""7"":""ମୁଖ୍ୟ ରାସ୍ତା ଉପରେ""}",,,,,,,,,,,,,
839," {""7"":""ରାସ୍ତ/ ଟ୍ରାଫିକ୍ ଅତିକ୍ରମ କରିବାକୁ ପଡ଼େ""}",,,,,,,,,,,,,
840," {""7"":""ବଜାର ଭିତରେ/ ନିକଟରେ""}",,,,,,,,,,,,,
841," {""7"":""ଜଙ୍ଗଲ/ ପାହାଡ଼ ଅତିକ୍ରମ କରି ଯିବାକୁ ପଡେ""}",,,,,,,,,,,,,
842," {""7"":""ଝରଣା/ ନଦୀ ଅତିକ୍ରମ କରି ଯିବାକୁ ପଡ଼େ""}",,,,,,,,,,,,,
843," {""7"":""ଶ୍ମଶାନ ନିକଟରେ""}",,,,,,,,,,,,,
844," {""7"":""ଅନ୍ୟାନ୍ୟ""}",,,,,,,,,,,,,
834," {""7"":""ଏହା ଲାଗୁ ନୁହେଁ""}",,,,,,,,,,,,,
846," {""7"":""ନାହିଁ""}",,,,,,,,,,,,,
847," {""7"":""ହଁ""}",,,,,,,,,,,,,
2265," {""7"":""ଏହା ଲାଗୁ ନୁହେଁ""}",,,,,,,,,,,,,
851," {""7"":""କୌଣସି ପ୍ରତିବନ୍ଧକ ନାହ""}",,,,,,,,,,,,,
852," {""7"":""ଉଚ୍ଚ ଶ୍ରେଣୀର ହାମଲେଟ୍ ନିକଟରେ""}",,,,,,,,,,,,,
853," {""7"":""ଗ୍ରାମଠାରୁ ଦୂର""}",,,,,,,,,,,,,
854," {""7"":""ମୁଖ୍ୟ ରାସ୍ତା ଉପରେ""}",,,,,,,,,,,,,
855," {""7"":""ରାସ୍ତ/ ଟ୍ରାଫିକ୍ ଅତିକ୍ରମ କରିବାକୁ ପଡ଼େ""}",,,,,,,,,,,,,
856," {""7"":""ବଜାର ଭିତରେ/ ନିକଟରେ""}",,,,,,,,,,,,,
857," {""7"":""ଜଙ୍ଗଲ/ ପାହାଡ଼ ଅତିକ୍ରମ କରି ଯିବାକୁ ପଡେ""}",,,,,,,,,,,,,
858," {""7"":""ଝରଣା/ ନଦୀ ଅତିକ୍ରମ କରି ଯିବାକୁ ପଡ଼େ""}",,,,,,,,,,,,,
859," {""7"":""ଶ୍ମଶାନ ନିକଟରେ""}",,,,,,,,,,,,,
860," {""7"":""ଅନ୍ୟାନ୍ୟ""}",,,,,,,,,,,,,
850," {""7"":""ଏହା ଲାଗୁ ନୁହେଁ""}",,,,,,,,,,,,,
862," {""7"":""ନାହିଁ""}",,,,,,,,,,,,,
863," {""7"":""ହଁ""}",,,,,,,,,,,,,
2269," {""7"":""ଏହା ଲାଗୁ ନୁହେଁ""}",,,,,,,,,,,,,
864," {""7"":""ନାହିଁ""}",,,,,,,,,,,,,
865," {""7"":""ହଁ""}",,,,,,,,,,,,,
866," {""7"":""ନାହିଁ""}",,,,,,,,,,,,,
867," {""7"":""ହଁ, ଅନିୟମିତ""}",,,,,,,,,,,,,
868," {""7"":""ହଁ, ନିୟମିତ""}",,,,,,,,,,,,,
2371," {""7"":""ଏହା ଲାଗୁ ନୁହେଁ""}",,,,,,,,,,,,,
869," {""7"":""ନାହିଁ""}",,,,,,,,,,,,,
870," {""7"":""ହଁ""}",,,,,,,,,,,,,
2406," {""7"":""ଏହା ଲାଗୁ ନୁହେଁ""}",,,,,,,,,,,,,
871," {""7"":""ନାହିଁ""}",,,,,,,,,,,,,
872," {""7"":""ହଁ, ଅନିୟମିତ""}",,,,,,,,,,,,,
873," {""7"":""ହଁ, ନିୟମିତ""}",,,,,,,,,,,,,
1548," {""7"":""ଏହା ଲାଗୁ ନୁହେଁ""}",,,,,,,,,,,,,
876," {""7"":""ନାହିଁ""}",,,,,,,,,,,,,
877," {""7"":""ହଁ""}",,,,,,,,,,,,,
878," {""7"":""ନାହିଁ""}",,,,,,,,,,,,,
879," {""7"":""ହଁ""}",,,,,,,,,,,,,
880," {""7"":""ନାହିଁ""}",,,,,,,,,,,,,
881," {""7"":""ହଁ""}",,,,,,,,,,,,,
882," {""7"":""ନାହିଁ""}",,,,,,,,,,,,,
883," {""7"":""ହଁ""}",,,,,,,,,,,,,
885," {""7"":""ଯୌଥ ପରିବାର""}",,,,,,,,,,,,,
886," {""7"":""ଏକକ ପରିବାର""}",,,,,,,,,,,,,
1959," {""7"":""ଜଣା ନାହିଁ""}",,,,,,,,,,,,,
891," {""7"":""ଅଶିକ୍ଷିତ""}",,,,,,,,,,,,,
892," {""7"":""ପ୍ରଥମ ଶ୍ରେଣୀ""}",,,,,,,,,,,,,
893," {""7"":""ଦ୍ୱିତୀୟ ଶ୍ରେଣୀ""}",,,,,,,,,,,,,
894," {""7"":""ତୃତୀୟ ଶ୍ରେଣୀ""}",,,,,,,,,,,,,
895," {""7"":""ଚତୁର୍ଥ ଶ୍ରେଣୀ""}",,,,,,,,,,,,,
896," {""7"":""ପଂଚମ ଶ୍ରେଣୀ""}",,,,,,,,,,,,,
897," {""7"":""ଷଷ୍ଠ ଶ୍ରେଣୀ""}",,,,,,,,,,,,,
898," {""7"":""ସପ୍ତମ ଶ୍ରେଣୀ""}",,,,,,,,,,,,,
899," {""7"":""ଅଷ୍ଟମ ଶ୍ରେଣୀ""}",,,,,,,,,,,,,
900," {""7"":""ନବମ ଶ୍ରେଣୀ""}",,,,,,,,,,,,,
901," {""7"":""ଦଶମ ଶ୍ରେଣୀ""}",,,,,,,,,,,,,
902," {""7"":""ଏକାଦଶ ଶ୍ରେଣୀ""}",,,,,,,,,,,,,
903," {""7"":""ଦ୍ୱାଦଶ ଶ୍ରେଣୀ""}",,,,,,,,,,,,,
904," {""7"":""ଗ୍ରାଜୁଏଟ୍ ""}",,,,,,,,,,,,,
905," {""7"":""ପୋଷ୍ଟ ଗ୍ରାଜୁଏଟ୍""}",,,,,,,,,,,,,
906," {""7"":""ଟେକ୍ନିକାଲ/ ପ୍ରଫେସନାଲ ଶିକ୍ଷା""}",,,,,,,,,,,,,
1966," {""7"":""ଜଣା ନାହିଁ""}",,,,,,,,,,,,,
2407," {""7"":""ଏହା ଲାଗୁ ନୁହେଁ""}",,,,,,,,,,,,,
907," {""7"":""ତଫସିଲଭୁକ୍ତ ଜାତି""}",,,,,,,,,,,,,
908," {""7"":""ତଫସିଲଭୁକ୍ତ ଜନଜାତି""}",,,,,,,,,,,,,
909," {""7"":""ଅନ୍ୟାନ୍ୟ ପଛୁଆ ବର୍ଗ, ପଛୁଆ ବର୍ଗ""}",,,,,,,,,,,,,
910," {""7"":""ସାଧାରଣ, ଅନ୍ୟାନ୍ୟ""}",,,,,,,,,,,,,
1979," {""7"":""ଜଣା ନାହିଁ""}",,,,,,,,,,,,,
1501," {""7"":""ନାହିଁ""}",,,,,,,,,,,,,
912," {""7"":""ହଁ, କିନ୍ତୁ କୌଣସି ଆଇନ୍ସଙ୍ଗତ / ସରକାରୀ/ ନିୟମାନୁରୂପ କାଗଜପତ୍ର ଅଛି""}",,,,,,,,,,,,,
911," {""7"":""ହଁ, କିନ୍ତୁ କୌଣସି ଆଇନ୍ସଙ୍ଗତ / ସରକାରୀ/ ନିୟମାନୁରୂପ କାଗଜପତ୍ର ନାହିଁ""}",,,,,,,,,,,,,
1992," {""7"":""ଜଣା ନାହିଁ""}",,,,,,,,,,,,,
913," {""7"":""ପକ୍କା""}",,,,,,,,,,,,,
914," {""7"":""ଅଧା ପକ୍କା""}",,,,,,,,,,,,,
915," {""7"":""କଚା""}",,,,,,,,,,,,,
2000," {""7"":""ଜଣା ନାହିଁ""}",,,,,,,,,,,,,
916," {""7"":""ହିନ୍ଦୁ""}",,,,,,,,,,,,,
917," {""7"":""ମୁସଲିମ୍""}",,,,,,,,,,,,,
918," {""7"":""ଖ୍ରୀଷ୍ଟିଆନ""}",,,,,,,,,,,,,
919," {""7"":""ଶିଖ୍ ""}",,,,,,,,,,,,,
920," {""7"":""ବୁଦ୍ଧ ଧର୍ମାବଲମ୍ବୀ""}",,,,,,,,,,,,,
921," {""7"":""ଜୈନ ଧର୍ମାବଲମ୍ବୀ ""}",,,,,,,,,,,,,
922," {""7"":""ଅନ୍ୟାନ୍ୟ""}",,,,,,,,,,,,,
923," {""7"":""ଜଣା ନାହିଁ""}",,,,,,,,,,,,,
924," {""7"":""ଦାରିଦ୍ର୍ୟ ସୀମାରେଖା ଉପରେ ""}",,,,,,,,,,,,,
925," {""7"":""ଦାରିଦ୍ର୍ୟ ସୀମାରେଖା ତଳେ""}",,,,,,,,,,,,,
926," {""7"":""ଅନ୍ୟାନ୍ୟ""}",,,,,,,,,,,,,
2018," {""7"":""ଜଣା ନାହିଁ""}",,,,,,,,,,,,,
928," {""7"":""ଗତ ଏକ ବର୍ଷ ମଧ୍ୟରେ କେବେ ବି ନୁହେଁ""}",,,,,,,,,,,,,
929," {""7"":""୧୨ ମାସରେ ସଠିକ୍ ପରିମାଣର ଗ୍ରହଣ କରିଛନ୍ତ""}",,,,,,,,,,,,,
930," {""7"":""୧୨ ମାସ ପାଇଁ ଗ୍ରହଣ କରିଛନ୍ତି ଏବଂ ସଠିକ୍ ପରିମାଣର ଗ୍ରହଣ କରିନାହାନ୍ତ""}",,,,,,,,,,,,,
931," {""7"":""୧୨ ମାସରୁ କମ୍ ଗ୍ରହଣ କରିଛନ୍ତି ଏବଂ ସଠିକ୍ ପରିମାଣର ଗ୍ରହଣ କରିଛନ୍ତି""}",,,,,,,,,,,,,
932," {""7"":""୧୨ ମାସରୁ କମ୍ ଗ୍ରହଣ କରିଛନ୍ତି ଏବଂ ସଠିକ୍ ପରିମାଣର ଗ୍ରହଣ କରିନାହାନ୍ତି""}",,,,,,,,,,,,,
2028," {""7"":""ଜଣା ନାହିଁ""}",,,,,,,,,,,,,
2030," {""7"":""ଏହା ଲାଗୁ ନୁହେଁ""}",,,,,,,,,,,,,
933," {""7"":""ନା, କେବେ ବି ମିଳିନାହିଁ""}",,,,,,,,,,,,,
934," {""7"":""ମିଳିଛି ଏବଂ ମୋ ପାଖରେ ଅଛି""}",,,,,,,,,,,,,
2032," {""7"":""ଜଣା ନାହିଁ""}",,,,,,,,,,,,,
2033," {""7"":""ଏହା ଲାଗୁ ନୁହେଁ""}",,,,,,,,,,,,,
2232," {""7"":""ଜଣା ନାହିଁ""}",,,,,,,,,,,,,
1504," {""7"":""ଏହା ଲାଗୁ ନୁହେଁ""}",,,,,,,,,,,,,
941," {""7"":""କୃଷି ଶ୍ରମିକ""}",,,,,,,,,,,,,
942," {""7"":""ଅନୌପଚାରିକ ଶ୍ରମ କିମ୍ବା ଅନ୍ୟ ଶ୍ରମ କାମ""}",,,,,,,,,,,,,
943," {""7"":""କୃଷି, ଦୁଗ୍ଧ ଉତ୍ପାଦନ, ମାଛ ସଂଗ୍ରହ ଏବଂ ଅନ୍ୟାନ୍ୟ ଆନୁଷଙ୍ଗିକ କାର୍ଯ୍ୟ""}",,,,,,,,,,,,,
944," {""7"":""ସ୍ୱରୋଜଗାରକ୍ଷମ/ ବ୍ୟବସାୟ/ ବେପାର/ ଟ୍ରେଡିଂ""}",,,,,,,,,,,,,
945," {""7"":""ଚାକିରି (ସରକାରୀ/ ବେସରକାରୀ)""}",,,,,,,,,,,,,
946," {""7"":""କାରିଗର""}",,,,,,,,,,,,,
947," {""7"":""ଘରୋଇ କାମ""}",,,,,,,,,,,,,
948," {""7"":""ଲୁଣ ମାରିବା""}",,,,,,,,,,,,,
949," {""7"":""ଅଣ ଜଙ୍ଗଲଜାତ ଦ୍ରବ୍ୟ""}",,,,,,,,,,,,,
950," {""7"":""ଜରି ଗୋଟାଇବା""}",,,,,,,,,,,,,
951," {""7"":""ଅନ୍ୟାନ୍ୟ""}",,,,,,,,,,,,,
2252," {""7"":""ଜଣା ନାହିଁ""}",,,,,,,,,,,,,
953," {""7"":""ନାହିଁ""}",,,,,,,,,,,,,
954," {""7"":""ହଁ""}",,,,,,,,,,,,,
2037," {""7"":""ଜଣା ନାହିଁ""}",,,,,,,,,,,,,
955," {""7"":""ଜଙ୍ଗଲ ଜାଳେଣି, ଘସି, କିରୋସିନି, ଅଙ୍ଗାର, କୋଇଲା, ଗୋବର ଗ୍ୟାସ୍, କିମ୍ବା ଅନ୍ୟାନ୍ୟ""}",,,,,,,,,,,,,
956," {""7"":""ଏଲ୍ପିଜି କିମ୍ବା ବିଦ୍ୟୁତ୍ ଶକ୍ତି""}",,,,,,,,,,,,,
957," {""7"":""ରୋଷେଇ ପାଇଁ ଆୟୋଜନ ନାହିଁ""}",,,,,,,,,,,,,
2041," {""7"":""ଜଣା ନାହିଁ""}",,,,,,,,,,,,,
958," {""7"":""ନାହିଁ""}",,,,,,,,,,,,,
959," {""7"":""ହଁ""}",,,,,,,,,,,,,
2049," {""7"":""ଜଣା ନାହିଁ""}",,,,,,,,,,,,,
960," {""7"":""କଦାପି ନୁହେଁ""}",,,,,,,,,,,,,
961," {""7"":""ହଁ, ମାତ୍ର ଥରେ""}",,,,,,,,,,,,,
962," {""7"":""ହଁ, ଉଭୟ""}",,,,,,,,,,,,,
2061," {""7"":""ଜଣା ନାହିଁ""}",,,,,,,,,,,,,
963," {""7"":""କଦାପି ନୁହେଁ""}",,,,,,,,,,,,,
964," {""7"":""ହଁ, କେବଳ ଗୋଟିଏ ମୋବାଇଲ୍""}",,,,,,,,,,,,,
965," {""7"":""ହଁ, ମୋବାଇଲ୍ ଥିବା ସତ୍ତେ୍ୱ ଏକ ଲ୍ୟାଣ୍ଡଲାଇନ୍""}",,,,,,,,,,,,,
2094," {""7"":""ଜଣା ନାହିଁ""}",,,,,,,,,,,,,
966," {""7"":""ନାହିଁ""}",,,,,,,,,,,,,
967," {""7"":""ହଁ""}",,,,,,,,,,,,,
2106," {""7"":""ଜଣା ନାହିଁ""}",,,,,,,,,,,,,
968," {""7"":""ନାହିଁ""}",,,,,,,,,,,,,
969," {""7"":""ହଁ""}",,,,,,,,,,,,,
2117," {""7"":""ଜଣା ନାହିଁ""}",,,,,,,,,,,,,
970," {""7"":""ନାହିଁ""}",,,,,,,,,,,,,
971," {""7"":""ହଁ, କେବଳ ବାଇସାଇକେଲ, ମୋଟର ସାଇକେଲ/ ସ୍କୁଟର କିମ୍ବା କାର୍ ନାହିଁ""}",,,,,,,,,,,,,
972," {""7"":""ମୋଟର ସାଇକେଲ/ ସ୍କୁଟର, କିନ୍ତୁ କାର ନାହିଁ (ସାଇକେଲକୁ ବିଚାରକୁ ନିଆଯାଇନାହିଁ)""}",,,,,,,,,,,,,
973," {""7"":""ମୋଟର କାର/ ଜିପ୍ (ଅନ୍ୟ ଜିନିଷକୁ ବିଚାରକୁ ନିଆଯାଇନାହିଁ)""}",,,,,,,,,,,,,
2124," {""7"":""ଜଣା ନାହିଁ""}",,,,,,,,,,,,,
974," {""7"":""ନାହିଁ""}",,,,,,,,,,,,,
975," {""7"":""ହଁ""}",,,,,,,,,,,,,
2138," {""7"":""ଜଣା ନାହିଁ""}",,,,,,,,,,,,,
976," {""7"":""ଏହା ଲାଗୁ ନୁହେଁ""}",,,,,,,,,,,,,
977," {""7"":""ନାହିଁ""}",,,,,,,,,,,,,
978," {""7"":""ହଁ""}",,,,,,,,,,,,,
2147," {""7"":""ଜଣା ନାହିଁ""}",,,,,,,,,,,,,
979," {""7"":""ଏହା ଲାଗୁ ନୁହେଁ""}",,,,,,,,,,,,,
980," {""7"":""ନାହିଁ""}",,,,,,,,,,,,,
981," {""7"":""ହଁ""}",,,,,,,,,,,,,
2151," {""7"":""ଜଣା ନାହିଁ""}",,,,,,,,,,,,,
982," {""7"":""ଏହା ଲାଗୁ ନୁହେଁ""}",,,,,,,,,,,,,
983," {""7"":""ନାହିଁ""}",,,,,,,,,,,,,
984," {""7"":""ହଁ""}",,,,,,,,,,,,,
2156," {""7"":""ଜଣା ନାହିଁ""}",,,,,,,,,,,,,
985," {""7"":""ଏହା ଲାଗୁ ନୁହେଁ""}",,,,,,,,,,,,,
986," {""7"":""ନାହିଁ""}",,,,,,,,,,,,,
987," {""7"":""ହଁ""}",,,,,,,,,,,,,
988," {""7"":""ଜଣା ନାହିଁ""}",,,,,,,,,,,,,
2158," {""7"":""ଏହା ଲାଗୁ ନୁହେଁ""}",,,,,,,,,,,,,
989," {""7"":""କେବଳ ଗ୍ରାମରେ ରହିଛି ଏବଂ ଗ୍ରାମରେ ରହୁଛନ୍ତି""}",,,,,,,,,,,,,
990," {""7"":""ଅନ୍ୟ ଗ୍ରାମରେ ରହିଛି ଏବଂ ସେଠାକୁ ଯାଇ ରହୁଛନ୍ତି""}",,,,,,,,,,,,,
991," {""7"":""ଗ୍ରାମରୁ ଅନ୍ୟ ସ୍ଥାନକୁ ସ୍ଥାନାନ୍ତର ହୋଇଛନ୍ତି ""}",,,,,,,,,,,,,
992," {""7"":""ଅନ୍ୟ ସ୍ଥାନକୁ ସ୍ଥାୟୀ ଭାବେ ସ୍ଥାନାନ୍ତର ହୋଇଛନ୍ତି""}",,,,,,,,,,,,,
2165," {""7"":""ଅନ୍ୟାନ୍ୟ""}",,,,,,,,,,,,,
2163," {""7"":""ଜଣା ନାହିଁ""}",,,,,,,,,,,,,
2164," {""7"":""ଏହା ଲାଗୁ ନୁହେଁ""}",,,,,,,,,,,,,
993," {""7"":""জানুয়ারী""}",,,,,,,,,,,,,
994," {""7"":""ଫେବୃଆରୀ""}",,,,,,,,,,,,,
995," {""7"":""ମାର୍ଚ                        ""}",,,,,,,,,,,,,
996," {""7"":""ଏପ୍ରିଲ""}",,,,,,,,,,,,,
997," {""7"":""ମଇ""}",,,,,,,,,,,,,
998," {""7"":""ଜୁନ""}",,,,,,,,,,,,,
999," {""7"":""ଜୁଲାଇ""}",,,,,,,,,,,,,
1000," {""7"":""ଅଗଷ୍ଟ""}",,,,,,,,,,,,,
1001," {""7"":""ସେପ୍ଟେମ୍ବର""}",,,,,,,,,,,,,
1002," {""7"":""ଅକ୍ଟୋବର""}",,,,,,,,,,,,,
1003," {""7"":""ନଭେମ୍ବର""}",,,,,,,,,,,,,
1004," {""7"":""ଡିସେମ୍ବର""}",,,,,,,,,,,,,
1006," {""7"":""ଜଣା ନାହିଁ""}",,,,,,,,,,,,,
1005," {""7"":""ଏହା ଲାଗୁ ନୁହେଁ""}",,,,,,,,,,,,,
1007," {""7"":""ନାହିଁ""}",,,,,,,,,,,,,
1008," {""7"":""ହଁ""}",,,,,,,,,,,,,
2167," {""7"":""ଜଣା ନାହିଁ""}",,,,,,,,,,,,,
2168," {""7"":""ଏହା ଲାଗୁ ନୁହେଁ""}",,,,,,,,,,,,,
1009," {""7"":""ତିନି ମାସରୁ କମ୍""}",,,,,,,,,,,,,
1010," {""7"":""୬ ମାସ""}",,,,,,,,,,,,,
1011," {""7"":""୬ ମାସରୁ ଊଦ୍ଧ୍ୱର୍""}",,,,,,,,,,,,,
2170," {""7"":""ଜଣା ନାହିଁ""}",,,,,,,,,,,,,
2171," {""7"":""ଏହା ଲାଗୁ ନୁହେଁ""}",,,,,,,,,,,,,
1012," {""7"":""ନାହିଁ""}",,,,,,,,,,,,,
1013," {""7"":""ହଁ""}",,,,,,,,,,,,,
2173," {""7"":""ଜଣା ନାହିଁ""}",,,,,,,,,,,,,জানুৱাৰী
1014," {""7"":""ଏହା ଲାଗୁ ନୁହେଁ""}",,,,,,,,,,,,,
1015," {""7"":""ଖୋଲା କୂପ               ""}",,,,,,,,,,,,,
1016," {""7"":""ନଳ କୂପ            ""}",,,,,,,,,,,,,
1017," {""7"":""ହାତ ପମ୍ପ         ""}",,,,,,,,,,,,,
1018," {""7"":""କଳ ପାଣି""}",,,,,,,,,,,,,
1019," {""7"":""ନଦୀ            ""}",,,,,,,,,,,,,
1020," {""7"":""ଝରଣା""}",,,,,,,,,,,,,
1021," {""7"":""ବର୍ଷା ଜଳ            ""}",,,,,,,,,,,,,
1022," {""7"":""ଟ୍ୟାଙ୍କର""}",,,,,,,,,,,,,
1023," {""7"":""ବୋତଲ ପାଣି              ""}",,,,,,,,,,,,,
1024," {""7"":""ଅନ୍ୟାନ୍ୟ""}",,,,,,,,,,,,,
2176," {""7"":""ଜଣା ନାହିଁ""}",,,,,,,,,,,,,
1026," {""7"":""ମୁକ୍ତ ଶୌଚାଳୟ""}",,,,,,,,,,,,,
1027," {""7"":""ବାଲଟି""}",,,,,,,,,,,,,
1028," {""7"":""ଖୋଲା ନଳାରେ ମଳତ୍ୟାଗ""}",,,,,,,,,,,,,
1029," {""7"":""ବନ୍ଦ ନଳାରେ ମଳତ୍ୟାଗ""}",,,,,,,,,,,,,
1030," {""7"":""ସେପ୍ଟିକ ଟ୍ୟାଙ୍କରେ ମଳତ୍ୟାଗ""}",,,,,,,,,,,,,
1031," {""7"":""ଗୋଷ୍ଠୀ ଶୌଚାଳୟ/ ସୁଲଭ ଶୌଚାଳୟ""}",,,,,,,,,,,,,
1032," {""7"":""ଭାଗୀଦାରୀ ଶୌଚାଳୟ""}",,,,,,,,,,,,,
1033," {""7"":""ପରିବେଶ ଅନୁକୂଳ, ଜୈବ ଶୌଚାଳୟ""}",,,,,,,,,,,,,
1034," {""7"":""ଅନ୍ୟାନ୍ୟ""}",,,,,,,,,,,,,
2177," {""7"":""ଜଣା ନାହିଁ""}",,,,,,,,,,,,,
1036," {""7"":""ନାହିଁ""}",,,,,,,,,,,,,
1037," {""7"":""ହଁ""}",,,,,,,,,,,,,
2179," {""7"":""ଜଣା ନାହିଁ""}",,,,,,,,,,,,,
1066," {""7"":""ଅଶିକ୍ଷିତ""}",,,,,,,,,,,,,
1067," {""7"":""ପ୍ରଥମ ଶ୍ରେଣୀ""}",,,,,,,,,,,,,
1068," {""7"":""ଦ୍ୱିତୀୟ ଶ୍ରେଣୀ""}",,,,,,,,,,,,,
1069," {""7"":""ତୃତୀୟ ଶ୍ରେଣୀ""}",,,,,,,,,,,,,
1070," {""7"":""ଚତୁର୍ଥ ଶ୍ରେଣୀ""}",,,,,,,,,,,,,
1071," {""7"":""ପଂଚମ ଶ୍ରେଣୀ""}",,,,,,,,,,,,,
1072," {""7"":""ଷଷ୍ଠ ଶ୍ରେଣୀ""}",,,,,,,,,,,,,
1073," {""7"":""ସପ୍ତମ ଶ୍ରେଣୀ""}",,,,,,,,,,,,,
1074," {""7"":""ଅଷ୍ଟମ ଶ୍ରେଣୀ""}",,,,,,,,,,,,,
1075," {""7"":""ନବମ ଶ୍ରେଣୀ""}",,,,,,,,,,,,,
1076," {""7"":""ଦଶମ ଶ୍ରେଣୀ""}",,,,,,,,,,,,,
1077," {""7"":""ଏକାଦଶ ଶ୍ରେଣୀ""}",,,,,,,,,,,,,
1078," {""7"":""ଦ୍ୱାଦଶ ଶ୍ରେଣୀ""}",,,,,,,,,,,,,
1079," {""7"":""ଗ୍ରାଜୁଏଟ୍""}",,,,,,,,,,,,,
1080," {""7"":""ଟେକ୍ନିକାଲ/ ପ୍ରଫେସନାଲ ଶିକ୍ଷା""}",,,,,,,,,,,,,
1081," {""7"":""ଟେକ୍ନିକାଲ/ ପ୍ରଫେସନାଲ ଶିକ୍ଷା""}",,,,,,,,,,,,,
1860," {""7"":""ଜଣା ନାହିଁ""}",,,,,,,,,,,,,
1083," {""7"":""ବେକାର""}",,,,,,,,,,,,,
1084," {""7"":""କୃଷି ଶ୍ରମିକ""}",,,,,,,,,,,,,
1085," {""7"":""ଅନୌପଚାରିକ ଶ୍ରମ କିମ୍ବା ଅନ୍ୟ ଶ୍ରମ କାମ""}",,,,,,,,,,,,,
1086," {""7"":""କୃଷି, ଦୁଗ୍ଧ ଉତ୍ପାଦନ, ମାଛ ସଂଗ୍ରହ ଏବଂ ଅନ୍ୟାନ୍ୟ ଆନୁଷଙ୍ଗିକ କାର୍ଯ୍ୟ""}",,,,,,,,,,,,,
1087," {""7"":""ସ୍ୱରୋଜଗାରକ୍ଷମ/ ବ୍ୟବସାୟ/ ବେପାର/ ଟ୍ରେଡିଂ""}",,,,,,,,,,,,,
1088," {""7"":""ଦରମାପ୍ରାପ୍ତ ""}",,,,,,,,,,,,,
1089," {""7"":""କାରିଗର""}",,,,,,,,,,,,,
1090," {""7"":""ଘରୋଇ କାମ""}",,,,,,,,,,,,,
1091," {""7"":""ଅନ୍ୟାନ୍ୟ""}",,,,,,,,,,,,,
2293," {""7"":""ଜଣା ନାହିଁ""}",,,,,,,,,,,,,
1093," {""7"":""ଅଶିକ୍ଷିତ""}",,,,,,,,,,,,,
1094," {""7"":""ପ୍ରଥମ ଶ୍ରେଣୀ""}",,,,,,,,,,,,,
1095," {""7"":""ଦ୍ୱିତୀୟ ଶ୍ରେଣୀ""}",,,,,,,,,,,,,
1096," {""7"":""ତୃତୀୟ ଶ୍ରେଣୀ""}",,,,,,,,,,,,,
1097," {""7"":""ଚତୁର୍ଥ ଶ୍ରେଣୀ""}",,,,,,,,,,,,,
1098," {""7"":""ପଂଚମ ଶ୍ରେଣୀ""}",,,,,,,,,,,,,
1099," {""7"":""ଷଷ୍ଠ ଶ୍ରେଣୀ""}",,,,,,,,,,,,,
1100," {""7"":""ସପ୍ତମ ଶ୍ରେଣୀ""}",,,,,,,,,,,,,
1101," {""7"":""ଅଷ୍ଟମ ଶ୍ରେଣୀ""}",,,,,,,,,,,,,
1102," {""7"":""ନବମ ଶ୍ରେଣୀ""}",,,,,,,,,,,,,
1103," {""7"":""ଦଶମ ଶ୍ରେଣୀ""}",,,,,,,,,,,,,
1104," {""7"":""ଏକାଦଶ ଶ୍ରେଣୀ""}",,,,,,,,,,,,,
1105," {""7"":""ଦ୍ୱାଦଶ ଶ୍ରେଣୀ""}",,,,,,,,,,,,,
1106," {""7"":""ଗ୍ରାଜୁଏଟ୍""}",,,,,,,,,,,,,
1107," {""7"":""ଟେକ୍ନିକାଲ/ ପ୍ରଫେସନାଲ ଶିକ୍ଷା""}",,,,,,,,,,,,,
1108," {""7"":""ଟେକ୍ନିକାଲ/ ପ୍ରଫେସନାଲ ଶିକ୍ଷା""}",,,,,,,,,,,,,
1109," {""7"":""ବେକାର""}",,,,,,,,,,,,,
1110," {""7"":""କୃଷିକ୍ଷେତ୍ର ଶ୍ରମିକ""}",,,,,,,,,,,,,
1111," {""7"":""ଅନୌପଚାରିକ ଶ୍ରମ କିମ୍ବା ଅନ୍ୟ ଶ୍ରମ କାମ""}",,,,,,,,,,,,,
1112," {""7"":""କୃଷି, ଦୁଗ୍ଧ ଉତ୍ପାଦନ, ମାଛ ସଂଗ୍ରହ ଏବଂ ଅନ୍ୟାନ୍ୟ ଆନୁଷଙ୍ଗିକ କାର୍ଯ୍ୟ""}",,,,,,,,,,,,,
1113," {""7"":""ସ୍ୱରୋଜଗାରକ୍ଷମ/ ବ୍ୟବସାୟ/ ବେପାର/ ଟ୍ରେଡିଂ""}",,,,,,,,,,,,,
1114," {""7"":""ଦରମାପ୍ରାପ୍ତ ""}",,,,,,,,,,,,,
1115," {""7"":""କାରିଗର""}",,,,,,,,,,,,,
1116," {""7"":""ଘରୋଇ କାମ""}",,,,,,,,,,,,,
1117," {""7"":""କେବଳ ଗ୍ରାମରେ ରହିଛି ଏବଂ ଗ୍ରାମରେ ରହୁଛନ୍ତି""}",,,,,,,,,,,,,
1118," {""7"":""ଅନ୍ୟ ଗ୍ରାମରେ ରହିଛି ଏବଂ ସେଠାକୁ ଯାଇ ରହୁଛନ୍ତି""}",,,,,,,,,,,,,
1119," {""7"":""ଗ୍ରାମରୁ ଅନ୍ୟ ସ୍ଥାନକୁ ସ୍ଥାନାନ୍ତର ହୋଇଛନ୍ତି ""}",,,,,,,,,,,,,
1120," {""7"":""ଅନ୍ୟ ସ୍ଥାନକୁ ସ୍ଥାୟୀ ଭାବେ ସ୍ଥାନାନ୍ତର ହୋଇଛନ୍ତି""}",,,,,,,,,,,,,
1121," {""7"":""ଅନ୍ୟ ସ୍ଥାନକୁ ସ୍ଥାୟୀ ଭାବେ ସ୍ଥାନାନ୍ତର ହୋଇଛନ୍ତି""}",,,,,,,,,,,,,
1868," {""7"":""ଜଣା ନାହିଁ""}",,,,,,,,,,,,,
1123," {""7"":""জানুয়ারী""}",,,,,,,,,,,,,
1124," {""7"":""ଫେବୃଆରୀ""}",,,,,,,,,,,,,
1125," {""7"":""ମାର୍ଚ                        ""}",,,,,,,,,,,,,
1126," {""7"":""ଏପ୍ରିଲ""}",,,,,,,,,,,,,
1127," {""7"":""ମଇ""}",,,,,,,,,,,,,
1128," {""7"":""ଜୁନ""}",,,,,,,,,,,,,
1129," {""7"":""ଜୁଲାଇ""}",,,,,,,,,,,,,
1130," {""7"":""ଅଗଷ୍ଟ""}",,,,,,,,,,,,,
1131," {""7"":""ସେପ୍ଟେମ୍ବର""}",,,,,,,,,,,,,
1132," {""7"":""ଅକ୍ଟୋବର""}",,,,,,,,,,,,,
1133," {""7"":""ନଭେମ୍ବର""}",,,,,,,,,,,,,
1134," {""7"":""ଡିସେମ୍ବର""}",,,,,,,,,,,,,
1871," {""7"":""ଜଣା ନାହିଁ""}",,,,,,,,,,,,,
1872," {""7"":""ଏହା ଲାଗୁ ନୁହେଁ""}",,,,,,,,,,,,,
1136," {""7"":""ନାହିଁ""}",,,,,,,,,,,,,
1135," {""7"":""ହଁ""}",,,,,,,,,,,,,
2294," {""7"":""ଜଣା ନାହିଁ""}",,,,,,,,,,,,,
1139," {""7"":""ନାହିଁ""}",,,,,,,,,,,,,
1138," {""7"":""ହଁ""}",,,,,,,,,,,,,
1874," {""7"":""ଜଣା ନାହିଁ""}",,,,,,,,,,,,,
1877," {""7"":""ଜଣା ନାହିଁ""}",,,,,,,,,,,,,
1144," {""7"":""ନାହିଁ""}",,,,,,,,,,,,,
1143," {""7"":""ହଁ""}",,,,,,,,,,,,,
2295," {""7"":""ଜଣା ନାହିଁ""}",,,,,,,,,,,,,
1146," {""7"":""ମାଆ ଗର୍ଭଧାରଣ କରିଛି ବୋଲି ବିଳମ୍ବରେ ଜଣା ପଡ଼ିଲା""}",,,,,,,,,,,,,
1147," {""7"":""ମାଆ ଏଏନ୍ଏମ୍/ ଡାକ୍ତରଖାନାକୁ ଯୋଗାଯୋଗ କରିନଥିଲା""}",,,,,,,,,,,,,
1148," {""7"":""ଏଏନ୍ଏମ୍ ନାହାନ୍ତି""}",,,,,,,,,,,,,
1149," {""7"":""ଅନ୍ୟାନ୍ୟ""}",,,,,,,,,,,,,
1879," {""7"":""ଜଣା ନାହିଁ""}",,,,,,,,,,,,,
2409," {""7"":""ଏହା ଲାଗୁ ନୁହେଁ""}",,,,,,,,,,,,,
1157," {""7"":""କରାଯାଇଛି""}",,,,,,,,,,,,,
1158," {""7"":""କରାଯାଇନାହିଁ, ସେବା ମିଳିନାହିଁ""}",,,,,,,,,,,,,
1159," {""7"":""ମାଆ ଦେଶାନ୍ତର ହୋଇଯାଇଛି""}",,,,,,,,,,,,,জানুৱাৰী
1160," {""7"":""ଜଣା ନାହିଁ/ ସୂଚନା ମିଳିନାହିଁ""}",,,,,,,,,,,,,
1170," {""7"":""ନାହିଁ""}",,,,,,,,,,,,,
1169," {""7"":""ହଁ""}",,,,,,,,,,,,,
1882," {""7"":""ଜଣା ନାହିଁ""}",,,,,,,,,,,,,
1172," {""7"":""ନାହିଁ""}",,,,,,,,,,,,,
1171," {""7"":""ହଁ""}",,,,,,,,,,,,,
1887," {""7"":""ଅନ୍ୟାନ୍ୟ""}",,,,,,,,,,,,,
1885," {""7"":""ଜଣା ନାହିଁ""}",,,,,,,,,,,,,
1886," {""7"":""ଏହା ଲାଗୁ ନୁହେଁ""}",,,,,,,,,,,,,
1178," {""7"":""ନାହିଁ""}",,,,,,,,,,,,,
1177," {""7"":""ହଁ""}",,,,,,,,,,,,,
1566," {""7"":""ଜଣା ନାହିଁ""}",,,,,,,,,,,,,
1567," {""7"":""ଏହା ଲାଗୁ ନୁହେଁ""}",,,,,,,,,,,,,
1180," {""7"":""ନାହିଁ""}",,,,,,,,,,,,,
1179," {""7"":""ହଁ""}",,,,,,,,,,,,,
1888," {""7"":""ଜଣା ନାହିଁ""}",,,,,,,,,,,,,
1181," {""7"":""ଏହା ଲାଗୁ ନୁହେଁ""}",,,,,,,,,,,,,
1183," {""7"":""ନାହିଁ""}",,,,,,,,,,,,,
1182," {""7"":""ହଁ""}",,,,,,,,,,,,,
1889," {""7"":""ଜଣା ନାହିଁ""}",,,,,,,,,,,,,
1522," {""7"":""ଏହା ଲାଗୁ ନୁହେଁ""}",,,,,,,,,,,,,
1184," {""7"":""ନାହିଁ""}",,,,,,,,,,,,,
1185," {""7"":""ହଁ, ଅନିୟମିତ ଏବଂ/ କିମ୍ବା ଅସମ୍ପୂର୍ଣ୍ଣ ପରିମାଣ""}",,,,,,,,,,,,,
1186," {""7"":""ହଁ, ନିୟମିତ ଏବଂ / କିମ୍ବା ସମ୍ପୂର୍ଣ୍ଣ ପରିମାଣର ମିଳିଛି""}",,,,,,,,,,,,,
1890," {""7"":""ଜଣା ନାହିଁ""}",,,,,,,,,,,,,
1187," {""7"":""ଏହା ଲାଗୁ ନୁହେଁ""}",,,,,,,,,,,,,
1189," {""7"":""ନାହିଁ""}",,,,,,,,,,,,,
1188," {""7"":""ହଁ""}",,,,,,,,,,,,,
2296," {""7"":""ଜଣା ନାହିଁ""}",,,,,,,,,,,,,
2297," {""7"":""ଏହା ଲାଗୁ ନୁହେଁ""}",,,,,,,,,,,,,
1190," {""7"":""କରାଯାଇଛି""}",,,,,,,,,,,,,
1191," {""7"":""କରାଯାଇନାହିଁ, ସେବା ମିଳିନାହିଁ""}",,,,,,,,,,,,,
1192," {""7"":""ମାଆ ଦେଶାନ୍ତର ହୋଇଯାଇଛି""}",,,,,,,,,,,,,
1193," {""7"":""ଜଣା ନାହିଁ/ ସୂଚନା ମିଳିନାହିଁ""}",,,,,,,,,,,,,
1194," {""7"":""ଏହା ଲାଗୁ ନୁହେଁ""}",,,,,,,,,,,,,
1523," {""7"":""ଏହା ଲାଗୁ ନୁହେଁ""}",,,,,,,,,,,,,
1200," {""7"":""ନାହିଁ""}",,,,,,,,,,,,,
1199," {""7"":""ହଁ""}",,,,,,,,,,,,,
1892," {""7"":""ଜଣା ନାହିଁ""}",,,,,,,,,,,,,
1893," {""7"":""ଏହା ଲାଗୁ ନୁହେଁ""}",,,,,,,,,,,,,
1202," {""7"":""ନାହିଁ""}",,,,,,,,,,,,,
1201," {""7"":""ହଁ""}",,,,,,,,,,,,,
1894," {""7"":""ଜଣା ନାହିଁ""}",,,,,,,,,,,,,
1895," {""7"":""ଏହା ଲାଗୁ ନୁହେଁ""}",,,,,,,,,,,,,
1207," {""7"":""ନାହିଁ""}",,,,,,,,,,,,,
1208," {""7"":""ହଁ""}",,,,,,,,,,,,,
1209," {""7"":""ଜଣା ନାହିଁ""}",,,,,,,,,,,,,
1210," {""7"":""ଏହା ଲାଗୁ ନୁହେଁ""}",,,,,,,,,,,,,
1212," {""7"":""ନାହିଁ""}",,,,,,,,,,,,,
1211," {""7"":""ହଁ""}",,,,,,,,,,,,,
1896," {""7"":""ଜଣା ନାହିଁ""}",,,,,,,,,,,,,
1213," {""7"":""ଏହା ଲାଗୁ ନୁହେଁ""}",,,,,,,,,,,,,
1215," {""7"":""ନାହିଁ""}",,,,,,,,,,,,,
1214," {""7"":""ହଁ""}",,,,,,,,,,,,,
1897," {""7"":""ଜଣା ନାହିଁ""}",,,,,,,,,,,,,
1524," {""7"":""ଏହା ଲାଗୁ ନୁହେଁ""}",,,,,,,,,,,,,
1216," {""7"":""ନାହିଁ""}",,,,,,,,,,,,,
1217," {""7"":""ହଁ, ଅନିୟମିତ ଏବଂ/ କିମ୍ବା ଅସମ୍ପୂର୍ଣ୍ଣ ପରିମାଣ""}",,,,,,,,,,,,,
1218," {""7"":""ହଁ, ନିୟମିତ ଏବଂ / କିମ୍ବା ସମ୍ପୂର୍ଣ୍ଣ ପରିମାଣର ମିଳିଛି""}",,,,,,,,,,,,,
1898," {""7"":""ଜଣା ନାହିଁ""}",,,,,,,,,,,,,
1219," {""7"":""ଏହା ଲାଗୁ ନୁହେଁ""}",,,,,,,,,,,,,
1221," {""7"":""ନାହିଁ""}",,,,,,,,,,,,,
1220," {""7"":""ହଁ""}",,,,,,,,,,,,,
1899," {""7"":""ଜଣା ନାହିଁ""}",,,,,,,,,,,,,
1900," {""7"":""ଏହା ଲାଗୁ ନୁହେଁ""}",,,,,,,,,,,,,
1222," {""7"":""କରାଯାଇଛି""}",,,,,,,,,,,,,
1223," {""7"":""କରାଯାଇନାହିଁ, ସେବା ମିଳିନାହିଁ""}",,,,,,,,,,,,,
1224," {""7"":""ମାଆ ଦେଶାନ୍ତର ହୋଇଯାଇଛି""}",,,,,,,,,,,,,
1225," {""7"":""ଜଣା ନାହିଁ/ ସୂଚନା ମିଳିନାହିଁ""}",,,,,,,,,,,,,
1226," {""7"":""ଏହା ଲାଗୁ ନୁହେଁ""}",,,,,,,,,,,,,
1232," {""7"":""ନାହିଁ""}",,,,,,,,,,,,,
1231," {""7"":""ହଁ""}",,,,,,,,,,,,,
2298," {""7"":""ଜଣା ନାହିଁ""}",,,,,,,,,,,,,
2299," {""7"":""ଏହା ଲାଗୁ ନୁହେଁ""}",,,,,,,,,,,,,
1234," {""7"":""ନାହିଁ""}",,,,,,,,,,,,,
1233," {""7"":""ହଁ""}",,,,,,,,,,,,,
2300," {""7"":""ଜଣା ନାହିଁ""}",,,,,,,,,,,,,
2301," {""7"":""ଏହା ଲାଗୁ ନୁହେଁ""}",,,,,,,,,,,,,
1239," {""7"":""ନାହିଁ""}",,,,,,,,,,,,,
1240," {""7"":""ହଁ""}",,,,,,,,,,,,,
1241," {""7"":""ଜଣା ନାହିଁ""}",,,,,,,,,,,,,
1242," {""7"":""ଏହା ଲାଗୁ ନୁହେଁ""}",,,,,,,,,,,,,
1244," {""7"":""ନାହିଁ""}",,,,,,,,,,,,,
1243," {""7"":""ହଁ""}",,,,,,,,,,,,,
1901," {""7"":""ଜଣା ନାହିଁ""}",,,,,,,,,,,,,
1525," {""7"":""ଏହା ଲାଗୁ ନୁହେଁ""}",,,,,,,,,,,,,
1246," {""7"":""ନାହିଁ""}",,,,,,,,,,,,,
1245," {""7"":""ହଁ""}",,,,,,,,,,,,,
2302," {""7"":""ଜଣା ନାହିଁ""}",,,,,,,,,,,,,
1526," {""7"":""ଏହା ଲାଗୁ ନୁହେଁ""}",,,,,,,,,,,,,
1247," {""7"":""ନାହିଁ""}",,,,,,,,,,,,,
1248," {""7"":""ହଁ, ଅନିୟମିତ ଏବଂ/ କିମ୍ବା ଅସମ୍ପୂର୍ଣ୍ଣ ପରିମାଣ""}",,,,,,,,,,,,,
1249," {""7"":""ହଁ, ନିୟମିତ ଏବଂ / କିମ୍ବା ସମ୍ପୂର୍ଣ୍ଣ ପରିମାଣର ମିଳିଛି""}",,,,,,,,,,,,,
2303," {""7"":""ଜଣା ନାହିଁ""}",,,,,,,,,,,,,
1250," {""7"":""ଏହା ଲାଗୁ ନୁହେଁ""}",,,,,,,,,,,,,
1252," {""7"":""ନାହିଁ""}",,,,,,,,,,,,,
1251," {""7"":""ହଁ""}",,,,,,,,,,,,,
1902," {""7"":""ଜଣା ନାହିଁ""}",,,,,,,,,,,,,
1903," {""7"":""ଏହା ଲାଗୁ ନୁହେଁ""}",,,,,,,,,,,,,
1253," {""7"":""କରାଯାଇଛି""}",,,,,,,,,,,,,
1254," {""7"":""କରାଯାଇନାହିଁ, ସେବା ମିଳିନାହିଁ""}",,,,,,,,,,,,,
1255," {""7"":""ମାଆ ଦେଶାନ୍ତର ହୋଇଯାଇଛି""}",,,,,,,,,,,,,
1256," {""7"":""ଜଣା ନାହିଁ/ ସୂଚନା ମିଳିନାହିଁ""}",,,,,,,,,,,,,
1257," {""7"":""ଏହା ଲାଗୁ ନୁହେଁ""}",,,,,,,,,,,,,
1263," {""7"":""ନାହିଁ""}",,,,,,,,,,,,,
1262," {""7"":""ହଁ""}",,,,,,,,,,,,,
2304," {""7"":""ଜଣା ନାହିଁ""}",,,,,,,,,,,,,
2305," {""7"":""ଏହା ଲାଗୁ ନୁହେଁ""}",,,,,,,,,,,,,
1265," {""7"":""ନାହିଁ""}",,,,,,,,,,,,,
1264," {""7"":""ହଁ""}",,,,,,,,,,,,,
2306," {""7"":""ଜଣା ନାହିଁ""}",,,,,,,,,,,,,
2307," {""7"":""ଏହା ଲାଗୁ ନୁହେଁ""}",,,,,,,,,,,,,
1270," {""7"":""ନାହିଁ""}",,,,,,,,,,,,,
1271," {""7"":""ହଁ""}",,,,,,,,,,,,,
2308," {""7"":""ଜଣା ନାହିଁ""}",,,,,,,,,,,,,
1272," {""7"":""ଏହା ଲାଗୁ ନୁହେଁ""}",,,,,,,,,,,,,
1274," {""7"":""ନାହିଁ""}",,,,,,,,,,,,,
1273," {""7"":""ହଁ""}",,,,,,,,,,,,,
1904," {""7"":""ଜଣା ନାହିଁ""}",,,,,,,,,,,,,
1527," {""7"":""ଏହା ଲାଗୁ ନୁହେଁ""}",,,,,,,,,,,,,
1276," {""7"":""ନାହିଁ""}",,,,,,,,,,,,,
1275," {""7"":""ହଁ""}",,,,,,,,,,,,,
1905," {""7"":""ଜଣା ନାହିଁ""}",,,,,,,,,,,,,
1528," {""7"":""ଏହା ଲାଗୁ ନୁହେଁ""}",,,,,,,,,,,,,
1277," {""7"":""ନାହିଁ""}",,,,,,,,,,,,,
1278," {""7"":""ହଁ, ଅନିୟମିତ ଏବଂ/ କିମ୍ବା ଅସମ୍ପୂର୍ଣ୍ଣ ପରିମାଣ""}",,,,,,,,,,,,,
1279," {""7"":""ହଁ, ନିୟମିତ ଏବଂ / କିମ୍ବା ସମ୍ପୂର୍ଣ୍ଣ ପରିମାଣର ମିଳିଛି""}",,,,,,,,,,,,,
2309," {""7"":""ଜଣା ନାହିଁ""}",,,,,,,,,,,,,
1280," {""7"":""ଏହା ଲାଗୁ ନୁହେଁ""}",,,,,,,,,,,,,
1281," {""7"":""ଭୃଣ ନଷ୍ଟ""}",,,,,,,,,,,,,
1906," {""7"":""ଜଣା ନାହିଁ""}",,,,,,,,,,,,,
1907," {""7"":""ଏହା ଲାଗୁ ନୁହେଁ""}",,,,,,,,,,,,,
1283," {""7"":""ଜୀବନ୍ତ ଶିଶୁ ଜନ୍ମ""}",,,,,,,,,,,,,
1284," {""7"":""ମୃତ ଶିଶୁ ଜନ୍ମ""}",,,,,,,,,,,,,
1908," {""7"":""ଜଣା ନାହିଁ""}",,,,,,,,,,,,,
1909," {""7"":""ଏହା ଲାଗୁ ନୁହେଁ""}",,,,,,,,,,,,,
2324," {""7"":""ଜଣା ନାହିଁ""}",,,,,,,,,,,,,
1364," {""7"":""জানুয়ারী""}",,,,,,,,,,,,,
1365," {""7"":""ଫେବୃଆରୀ""}",,,,,,,,,,,,,
1366," {""7"":""ମାର୍ଚ                        ""}",,,,,,,,,,,,,
1367," {""7"":""ଏପ୍ରିଲ""}",,,,,,,,,,,,,
1368," {""7"":""ମଇ""}",,,,,,,,,,,,,
1369," {""7"":""ଜୁନ""}",,,,,,,,,,,,,
1370," {""7"":""ଜୁଲାଇ""}",,,,,,,,,,,,,
1371," {""7"":""ଅଗଷ୍ଟ""}",,,,,,,,,,,,,
1372," {""7"":""ସେପ୍ଟେମ୍ବର""}",,,,,,,,,,,,,
1373," {""7"":""ଅକ୍ଟୋବର""}",,,,,,,,,,,,,
1374," {""7"":""ନଭେମ୍ବର""}",,,,,,,,,,,,,
1375," {""7"":""ଡିସେମ୍ବର""}",,,,,,,,,,,,,
2325," {""7"":""ଜଣା ନାହିଁ""}",,,,,,,,,,,,,
2326," {""7"":""ଏହା ଲାଗୁ ନୁହେଁ""}",,,,,,,,,,,,,
1382," {""7"":""ନାହିଁ""}",,,,,,,,,,,,,
1381," {""7"":""ହଁ""}",,,,,,,,,,,,,
1720," {""7"":""ଜଣା ନାହିଁ""}",,,,,,,,,,,,,
1530," {""7"":""ଏହା ଲାଗୁ ନୁହେଁ""}",,,,,,,,,,,,,
1383," {""7"":""ନାହିଁ""}",,,,,,,,,,,,,
1384," {""7"":""ହଁ""}",,,,,,,,,,,,,
1721," {""7"":""ଜଣା ନାହିଁ""}",,,,,,,,,,,,,
1385," {""7"":""ଏହା ଲାଗୁ ନୁହେଁ""}",,,,,,,,,,,,,
1386," {""7"":""ନାହିଁ""}",,,,,,,,,,,,,
1387," {""7"":""ହଁ""}",,,,,,,,,,,,,
1722," {""7"":""ଜଣା ନାହିଁ""}",,,,,,,,,,,,,
1388," {""7"":""ଏହା ଲାଗୁ ନୁହେଁ""}",,,,,,,,,,,,,
1389," {""7"":""ନାହିଁ""}",,,,,,,,,,,,,
1390," {""7"":""ହଁ""}",,,,,,,,,,,,,
1723," {""7"":""ଜଣା ନାହିଁ""}",,,,,,,,,,,,,
1391," {""7"":""ଏହା ଲାଗୁ ନୁହେଁ""}",,,,,,,,,,,,,
1392," {""7"":""ନାହିଁ""}",,,,,,,,,,,,,
1393," {""7"":""ହଁ""}",,,,,,,,,,,,,
1724," {""7"":""ଜଣା ନାହିଁ""}",,,,,,,,,,,,,
1394," {""7"":""ଏହା ଲାଗୁ ନୁହେଁ""}",,,,,,,,,,,,,
1396," {""7"":""ନାହିଁ""}",,,,,,,,,,,,,
1395," {""7"":""ହଁ""}",,,,,,,,,,,,,
1725," {""7"":""ଜଣା ନାହିଁ""}",,,,,,,,,,,,,
1726," {""7"":""ଏହା ଲାଗୁ ନୁହେଁ""}",,,,,,,,,,,,,
1398," {""7"":""ନାହିଁ""}",,,,,,,,,,,,,
1397," {""7"":""ହଁ""}",,,,,,,,,,,,,
1727," {""7"":""ଜଣା ନାହିଁ""}",,,,,,,,,,,,,
1399," {""7"":""ଏହା ଲାଗୁ ନୁହେଁ""}",,,,,,,,,,,,,
1400," {""7"":""ନାହିଁ""}",,,,,,,,,,,,,
1401," {""7"":""ହଁ""}",,,,,,,,,,,,,
1728," {""7"":""ଜଣା ନାହିଁ""}",,,,,,,,,,,,,
1402," {""7"":""ଏହା ଲାଗୁ ନୁହେଁ""}",,,,,,,,,,,,,
1403," {""7"":""ନାହିଁ""}",,,,,,,,,,,,,
1404," {""7"":""ହଁ""}",,,,,,,,,,,,,
1729," {""7"":""ଜଣା ନାହିଁ""}",,,,,,,,,,,,,
1405," {""7"":""ଏହା ଲାଗୁ ନୁହେଁ""}",,,,,,,,,,,,,
1406," {""7"":""ନା, କେବେ ବି ନୁହେଁ""}",,,,,,,,,,,,,
1407," {""7"":""ହଁ, ଅନିୟମିତ ଏବଂ/ କିମ୍ବା ଅସମ୍ପୂର୍ଣ୍ଣ ପରିମାଣ""}",,,,,,,,,,,,,
1408," {""7"":""ହଁ, ନିୟମିତ""}",,,,,,,,,,,,,
1730," {""7"":""ଜଣା ନାହିଁ""}",,,,,,,,,,,,,
1731," {""7"":""ଏହା ଲାଗୁ ନୁହେଁ""}",,,,,,,,,,,,,
1410," {""7"":""ନାହିଁ""}",,,,,,,,,,,,,
1409," {""7"":""ହଁ""}",,,,,,,,,,,,,
1732," {""7"":""ଜଣା ନାହିଁ""}",,,,,,,,,,,,,
1733," {""7"":""ଏହା ଲାଗୁ ନୁହେଁ""}",,,,,,,,,,,,,
1411," {""7"":""ନା, କେବେ ବି ନୁହେଁ""}",,,,,,,,,,,,,
1412," {""7"":""ହଁ, ଅନିୟମିତ ଏବଂ/ କିମ୍ବା ଅସମ୍ପୂର୍ଣ୍ଣ ପରିମାଣ""}",,,,,,,,,,,,,
1413," {""7"":""ହଁ, ନିୟମିତ""}",,,,,,,,,,,,,
2327," {""7"":""ଜଣା ନାହିଁ""}",,,,,,,,,,,,,
2328," {""7"":""ଏହା ଲାଗୁ ନୁହେଁ""}",,,,,,,,,,,,,
1415," {""7"":""ନାହିଁ""}",,,,,,,,,,,,,
1414," {""7"":""ହଁ""}",,,,,,,,,,,,,
1734," {""7"":""ଜଣା ନାହିଁ""}",,,,,,,,,,,,,
1735," {""7"":""ଏହା ଲାଗୁ ନୁହେଁ""}",,,,,,,,,,,,,
1417," {""7"":""0""}",,,,,,,,,,,,,
1418," {""7"":""1""}",,,,,,,,,,,,,
1419," {""7"":""2""}",,,,,,,,,,,,,
1420," {""7"":""3""}",,,,,,,,,,,,,
1421," {""7"":""4""}",,,,,,,,,,,,,
1422," {""7"":""5""}",,,,,,,,,,,,,
1423," {""7"":""6""}",,,,,,,,,,,,,
1424," {""7"":""7""}",,,,,,,,,,,,,
1425," {""7"":""8""}",,,,,,,,,,,,,
1426," {""7"":""9""}",,,,,,,,,,,,,
1427," {""7"":""10""}",,,,,,,,,,,,,
1428," {""7"":""11""}",,,,,,,,,,,,,
2329," {""7"":""12""}",,,,,,,,,,,,,
2330," {""7"":""ଜଣା ନାହିଁ""}",,,,,,,,,,,,,
2331," {""7"":""ଏହା ଲାଗୁ ନୁହେଁ""}",,,,,,,,,,,,,
1430," {""7"":""ନାହିଁ""}",,,,,,,,,,,,,
1429," {""7"":""ହଁ""}",,,,,,,,,,,,,
1736," {""7"":""ଜଣା ନାହିଁ""}",,,,,,,,,,,,,
1531," {""7"":""ଏହା ଲାଗୁ ନୁହେଁ""}",,,,,,,,,,,,,
1667," {""7"":""ଏହା ଲାଗୁ ନୁହେଁ""}",,,,,,,,,,,,,
1672," {""7"":""ଏହା ଲାଗୁ ନୁହେଁ""}",,,,,,,,,,,,,
1676," {""7"":""ନାହିଁ""}",,,,,,,,,,,,,
1677," {""7"":""ହଁ""}",,,,,,,,,,,,,
1353," {""7"":""ଦଶମ ଶ୍ରେଣୀ""}",,,,,,,,,,,,,
1354," {""7"":""ଏକାଦଶ ଶ୍ରେଣୀ""}",,,,,,,,,,,,,
1355," {""7"":""ଦ୍ୱାଦଶ ଶ୍ରେଣୀ""}",,,,,,,,,,,,,
1356," {""7"":""ଗ୍ରାଜୁଏଟ୍""}",,,,,,,,,,,,,
1357," {""7"":""ଟେକ୍ନିକାଲ/ ପ୍ରଫେସନାଲ ଶିକ୍ଷା""}",,,,,,,,,,,,,
1358," {""7"":""ଟେକ୍ନିକାଲ/ ପ୍ରଫେସନାଲ ଶିକ୍ଷା""}",,,,,,,,,,,,,
2323," {""7"":""ଜଣା ନାହିଁ""}",,,,,,,,,,,,,
1360," {""7"":""ଅନ୍ୟ ଗ୍ରାମରେ ରହିଛି ଏବଂ ସେଠାକୁ ଯାଇ ରହୁଛନ୍ତି""}",,,,,,,,,,,,,
,,,,,,,,,,,,,,
,,,,,,,,,,,,,,
,,,,,,,,,,,,,,
,,,,,,,,,,,,,,
,,,,,,,,,,,,,,জানুৱাৰী
